orderId,creationDate,value,sellerName,sellerId,statusDescription,utmSource,utmMedium,utmCampaign,email,totals_Items,totals_Discounts,totals_Shipping,totals_Tax,data_extracao
1667911315370-01,2026-10-10T23:29:32.8593782+00:00,9466,MiniPreço,minipreco,Pagamento Aprovado,APP,app_barra_de_busca,app_barra_de_busca,,7996,0,1470,0,2026-10-10 20:34:39
1667911315370-02,2026-10-10T23:29:32.8596533+00:00,4354,Rojemac,rojemac,Pagamento Aprovado,APP,app_barra_de_busca,app_barra_de_busca,,3399,0,955,0,2026-10-10 20:34:40
1667911315367-02,2026-10-10T23:27:34.2762655+00:00,15714,Black Skull,blackskullusa,Pagamento Aprovado,APP,app_barra_de_busca,app_barra_de_busca,,11925,0,3789,0,2026-10-10 20:34:40
1667911315367-01,2026-10-10T23:27:34.2760478+00:00,5159,Farma Conde,farmaconde,Pagamento Aprovado,APP,app_barra_de_busca,app_barra_de_busca,,2599,0,2560,0,2026-10-10 20:34:40
1667911315362-02,2026-10-10T23:24:45.2650752+00:00,9972,Guimepa,guimepa,Pagamento Aprovado,APP,ver_todos_app,2026_03_18_ver_todos_app,,8590,0,1382,0,2026-10-10 20:34:40
1667911315362-01,2026-10-10T23:24:45.2648613+00:00,41190,WebContinental Marketplace,webcontinentalmktplace,Pagamento Aprovado,APP,ver_todos_app,2026_03_18_ver_todos_app,,39990,0,1200,0,2026-10-10 20:34:41
1667911315362-03,2026-10-10T23:24:45.2651912+00:00,41980,Electrolux,electrolux,Pagamento Aprovado,APP,ver_todos_app,2026_03_18_ver_todos_app,,40990,0,990,0,2026-10-10 20:34:41
1667911315361-01,2026-10-10T23:21:14.1569268+00:00,7640,Indiana,farmaciaindiana,Pagamento Aprovado,APP,app_barra_de_busca,app_barra_de_busca,,6498,0,1142,0,2026-10-10 20:34:41
1667911315358-02,2026-10-10T23:19:20.6063866+00:00,14073,MiniPreço,minipreco,Pagamento Aprovado,APP,app_barra_de_busca,app_barra_de_busca,,11999,0,2074,0,2026-10-10 20:34:41
1667911315358-01,2026-10-10T23:19:20.6062389+00:00,8763,WebContinental Marketplace,webcontinentalmktplace,Pagamento Aprovado,APP,app_barra_de_busca,app_barra_de_busca,,5700,0,3063,0,2026-10-10 20:34:42
1667911315358-03,2026-10-10T23:19:20.6064758+00:00,17130,Encantech Shop,loyalt,Pagamento Aprovado,APP,app_barra_de_busca,app_barra_de_busca,,14399,0,2731,0,2026-10-10 20:34:42
1667911315351-01,2026-10-10T23:16:09.0166723+00:00,11466,Encantech Shop,loyalt,Pagamento Aprovado,APP,app_barra_de_busca,app_barra_de_busca,,10900,0,566,0,2026-10-10 20:34:43
1667911315336-01,2026-10-10T23:01:05.9860340+00:00,9513,MiniPreço,minipreco,Pagamento Aprovado,APP,app_barra_de_busca,app_barra_de_busca,,7998,0,1515,0,2026-10-10 20:34:43
1667911315336-02,2026-10-10T23:01:05.9862368+00:00,15374,WebContinental Marketplace,webcontinentalmktplace,Pagamento Aprovado,APP,app_barra_de_busca,app_barra_de_busca,,10489,0,4885,0,2026-10-10 20:34:43
1667911315334-01,2026-10-10T22:58:18.5818969+00:00,8533,WebContinental Marketplace,webcontinentalmktplace,Pagamento Aprovado,APP,banner_app,banner_gif_tvs_app,,6900,0,1633,0,2026-10-10 20:34:43
1667911315326-01,2026-10-10T22:54:44.6232111+00:00,13189,WebContinental Marketplace,webcontinentalmktplace,Pagamento Aprovado,APP,app_barra_de_busca,app_barra_de_busca,,10990,0,2199,0,2026-10-10 20:34:43
1667911315325-01,2026-10-10T22:54:34.0845756+00:00,42773,Philco,Philco,Pagamento Aprovado,APP,banner_app,banner_cat_seminovos_app,,34990,0,7783,0,2026-10-10 20:34:43
1667911315322-01,2026-10-10T22:47:03.5454029+00:00,12350,WebContinental Marketplace,webcontinentalmktplace,Pagamento Aprovado,APP,ver_todos_app,2026_03_18_ver_todos_app,,11990,0,360,0,2026-10-10 20:34:44
1667911315320-01,2026-10-10T22:43:46.6303168+00:00,11013,WebContinental Marketplace,webcontinentalmktplace,Pagamento Aprovado,APP,banner_app,banner_cat_eletrodomesticos_app,,9690,0,1323,0,2026-10-10 20:34:44
1667911315319-01,2026-10-10T22:39:56.7986349+00:00,82294,Multiloja,multilojaonline,Pagamento Aprovado,APP,ver_todos_app,2026_03_18_ver_todos_app,,69990,0,12304,0,2026-10-10 20:34:44
1667911315318-01,2026-10-10T22:38:51.6636901+00:00,11299,Encantech Shop,loyalt,Pagamento Aprovado,APP,app_barra_de_busca,app_barra_de_busca,,10900,0,399,0,2026-10-10 20:34:44
1667901315311-01,2026-10-10T22:28:05.0337397+00:00,28226,WebContinental Marketplace,webcontinentalmktplace,Pagamento Aprovado,APP,app_barra_de_busca,app_barra_de_busca,,23999,0,4227,0,2026-10-10 20:34:44
1667901315310-01,2026-10-10T22:27:52.8682232+00:00,18980,Electrolux,electrolux,Pagamento Aprovado,APP,app_barra_de_busca,app_barra_de_busca,,17990,0,990,0,2026-10-10 20:34:44
1667901315307-02,2026-10-10T22:21:51.6885150+00:00,13521,Indiana,farmaciaindiana,Pagamento Aprovado,APP,app_barra_de_busca,app_barra_de_busca,,10827,0,2694,0,2026-10-10 20:34:44
1667901315307-01,2026-10-10T22:21:51.6883656+00:00,19377,Pense Farma,pensefarma,Pagamento Aprovado,APP,app_barra_de_busca,app_barra_de_busca,,17180,0,2197,0,2026-10-10 20:34:44
1667901315302-01,2026-10-10T22:09:17.3836827+00:00,21590,Loja Taiff,lojataiff2,Faturado,APP,app_barra_de_busca,app_barra_de_busca,,19990,0,1600,0,2026-10-10 20:34:45
1667901315301-01,2026-10-10T22:08:18.7462064+00:00,99029,WebContinental Marketplace,webcontinentalmktplace,Pagamento Aprovado,APP,banner_app,banner_cat_moveis_app,,69990,0,29039,0,2026-10-10 20:34:45
1667901315299-01,2026-10-10T22:04:02.0874862+00:00,111539,Encantech Shop,loyalt,Pagamento Aprovado,APP,banner_app,banner_gif_celulares_app,,110700,0,839,0,2026-10-10 20:34:45
1667901315297-01,2026-10-10T22:02:00.8339412+00:00,4025,ROVITEX,rovitex,Pagamento Aprovado,APP,app_barra_de_busca,app_barra_de_busca,,2126,0,1899,0,2026-10-10 20:34:45
1667901315296-01,2026-10-10T22:01:56.1348518+00:00,44753,WebContinental Marketplace,webcontinentalmktplace,Pagamento Aprovado,APP,app_barra_de_busca,app_barra_de_busca,,36071,0,8682,0,2026-10-10 20:34:45
1667901315295-01,2026-10-10T21:56:43.0645061+00:00,33426,WebContinental Marketplace,webcontinentalmktplace,Pagamento Aprovado,APP,app_barra_de_busca,app_barra_de_busca,,21390,0,12036,0,2026-10-10 20:34:45
1667901315294-01,2026-10-10T21:54:57.4757993+00:00,48980,Electrolux,electrolux,Pagamento Aprovado,inapp,inapp_frete_gratis_encantech,2026_04_20_inapp_frete_gratis_encantech,,47990,0,990,0,2026-10-10 20:34:46
1667901315293-01,2026-10-10T21:53:26.7817061+00:00,11890,Philco,Philco,Pagamento Aprovado,APP,banner_app,banner_cat_eletrodomesticos_app,,9990,0,1900,0,2026-10-10 20:34:46
1667901315290-01,2026-10-10T21:47:06.7817075+00:00,25008,Philco,Philco,Pagamento Aprovado,APP,app_barra_de_busca,app_barra_de_busca,,22990,0,2018,0,2026-10-10 20:34:46
1667901315290-02,2026-10-10T21:47:06.7819629+00:00,5486,WebContinental Marketplace,webcontinentalmktplace,Pagamento Aprovado,APP,app_barra_de_busca,app_barra_de_busca,,3507,0,1979,0,2026-10-10 20:34:46
1667901315288-01,2026-10-10T21:40:54.3986568+00:00,18551,MiniPreço,minipreco,Pagamento Aprovado,PUSH,	PUSH,20082PUSHEXTRAQUINTATARDE,,16990,0,1561,0,2026-10-10 20:34:46
1667901315282-02,2026-10-10T21:30:40.8026237+00:00,6193,Indiana,farmaciaindiana,Pagamento Aprovado,APP,banner_app_1010,banner_app_1010,,5066,0,1127,0,2026-10-10 20:34:47
1667901315282-01,2026-10-10T21:30:40.8023699+00:00,7287,WebContinental Marketplace,webcontinentalmktplace,Pagamento Aprovado,APP,banner_app_1010,banner_app_1010,,699,0,6588,0,2026-10-10 20:34:47
1667901315282-03,2026-10-10T21:30:40.8027960+00:00,4755,Farma Conde,farmaconde,Pagamento Aprovado,APP,banner_app_1010,banner_app_1010,,2199,0,2556,0,2026-10-10 20:34:47
1667901315280-01,2026-10-10T21:30:10.2663812+00:00,11379,WebContinental Marketplace,webcontinentalmktplace,Pagamento Aprovado,APP,ver_todos_app,2026_03_18_ver_todos_app,,9212,0,2167,0,2026-10-10 20:34:47
1667891315278-01,2026-10-10T21:28:33.0210086+00:00,7065,Farma Conde,farmaconde,Pagamento Aprovado,APP,app_barra_de_busca,app_barra_de_busca,,4899,0,2166,0,2026-10-10 20:34:47
1667891315277-01,2026-10-10T21:25:35.7491632+00:00,15603,WebContinental Marketplace,webcontinentalmktplace,Pagamento Aprovado,APP,app_barra_de_busca,app_barra_de_busca,,12990,0,2613,0,2026-10-10 20:34:48
1667891315271-01,2026-10-10T21:18:51.7531012+00:00,16158,Philco,Philco,Pagamento Aprovado,APP,app_barra_de_busca,app_barra_de_busca,,13990,0,2168,0,2026-10-10 20:34:48
1667891315270-01,2026-10-10T21:18:48.2795799+00:00,16665,WebContinental Marketplace,webcontinentalmktplace,Pagamento Aprovado,APP,ver_todos_app,2026_03_18_ver_todos_app,,13600,0,3065,0,2026-10-10 20:34:48
1667891315267-01,2026-10-10T21:16:09.3096060+00:00,16037,WebContinental Marketplace,webcontinentalmktplace,Pagamento Pendente,APP,ver_todos_app,2026_03_18_ver_todos_app,,13990,0,2047,0,2026-10-10 20:34:48
1667891315261-01,2026-10-10T21:14:00.4302136+00:00,27980,Electrolux,electrolux,Pagamento Aprovado,APP,banner_app_1010,banner_app_1010,,26990,0,990,0,2026-10-10 20:34:48
1667891315259-01,2026-10-10T21:13:39.8634330+00:00,72510,Multiloja,multilojaonline,Pagamento Aprovado,APP,banner_app,banner_gif_celulares_app,,67990,0,4520,0,2026-10-10 20:34:48
1667891315256-01,2026-10-10T21:07:41.0866789+00:00,105998,Madesa,madesa,Pagamento Aprovado,APP,ver_todos_app,2026_03_18_ver_todos_app,,93999,0,11999,0,2026-10-10 20:34:48
1667891315254-01,2026-10-10T21:02:53.9575248+00:00,21793,WebContinental Marketplace,webcontinentalmktplace,Pagamento Aprovado,APP,banner_app,banner_cat_seminovos_app,,19432,0,2361,0,2026-10-10 20:34:51
1667891315254-02,2026-10-10T21:02:53.9578070+00:00,13002,Indiana,farmaciaindiana,Pagamento Aprovado,APP,banner_app,banner_cat_seminovos_app,,12099,0,903,0,2026-10-10 20:34:51
1667891315252-01,2026-10-10T21:01:06.6002076+00:00,115980,Multiloja,multilojaonline,Pagamento Aprovado,APP,ver_todos_app,2026_03_18_ver_todos_app,,108990,0,6990,0,2026-10-10 20:34:51
1667891315251-01,2026-10-10T20:59:17.6904821+00:00,10514,Encantech Shop,loyalt,Pagamento Aprovado,APP,banner_app,banner_cat_seminovos_app,,9024,0,1490,0,2026-10-10 20:34:52
1667891315250-01,2026-10-10T20:58:05.4138345+00:00,48999,Philco,Philco,Pagamento Aprovado,APP,app_barra_de_busca,app_barra_de_busca,,44980,0,4019,0,2026-10-10 20:34:52
1667891315248-01,2026-10-10T20:56:35.7034851+00:00,55063,Encantech Shop,loyalt,Pagamento Aprovado,APP,app_barra_de_busca,app_barra_de_busca,,47600,0,7463,0,2026-10-10 20:34:52
1667891315247-01,2026-10-10T20:55:05.7421607+00:00,20483,WebContinental Marketplace,webcontinentalmktplace,Pagamento Aprovado,,,,,18590,0,1893,0,2026-10-10 20:34:52
1667891315244-01,2026-10-10T20:47:01.2093201+00:00,16715,WebContinental Marketplace,webcontinentalmktplace,Pagamento Aprovado,,,,,13990,0,2725,0,2026-10-10 20:34:52
1667891315243-01,2026-10-10T20:46:12.5315394+00:00,12644,WebContinental Marketplace,webcontinentalmktplace,Pagamento Aprovado,APP,app_barra_de_busca,app_barra_de_busca,,9696,0,2948,0,2026-10-10 20:34:52
1667891315241-01,2026-10-10T20:41:10.8853007+00:00,14900,WebContinental Marketplace,webcontinentalmktplace,Pagamento Aprovado,APP,ver_todos_app,2026_03_18_ver_todos_app,,11489,0,3411,0,2026-10-10 20:34:53
1667891315239-01,2026-10-10T20:40:47.2259372+00:00,15785,Philco,Philco,Pagamento Aprovado,APP,banner_app_1010,banner_app_1010,,13990,0,1795,0,2026-10-10 20:34:53
1667891315239-02,2026-10-10T20:40:47.2261877+00:00,11620,Encantech Shop,loyalt,Pagamento Aprovado,APP,banner_app_1010,banner_app_1010,,10900,0,720,0,2026-10-10 20:34:53
1667891315238-01,2026-10-10T20:40:07.2750073+00:00,53446,Webfones,webfones,Pagamento Aprovado,APP,app_barra_de_busca,app_barra_de_busca,,49990,0,3456,0,2026-10-10 20:34:53
1667891315237-01,2026-10-10T20:39:45.2827592+00:00,19176,Philco,Philco,Pagamento Aprovado,APP,banner_app,banner_cat_moveis_app,,16990,0,2186,0,2026-10-10 20:34:53
1667891315236-01,2026-10-10T20:38:59.1484763+00:00,44341,WebContinental Marketplace,webcontinentalmktplace,Pagamento Aprovado,APP,app_barra_de_busca,app_barra_de_busca,,40990,0,3351,0,2026-10-10 20:34:53
1667891315235-01,2026-10-10T20:37:33.1199114+00:00,41190,WebContinental Marketplace,webcontinentalmktplace,Pagamento Aprovado,,,,,39990,0,1200,0,2026-10-10 20:34:54
1667891315234-01,2026-10-10T20:36:59.9196956+00:00,19451,Encantech Shop,loyalt,Pagamento Aprovado,APP,app_barra_de_busca,app_barra_de_busca,,18500,0,951,0,2026-10-10 20:34:54
1667891315233-01,2026-10-10T20:34:54.5072539+00:00,57310,Encantech Shop,loyalt,Pagamento Aprovado,APP,banner_app_1010,banner_app_1010,,44690,0,12620,0,2026-10-10 20:34:54
1667891315232-01,2026-10-10T20:32:32.4206925+00:00,278402,WebContinental Marketplace,webcontinentalmktplace,Pagamento Pendente,APP,app_barra_de_busca,app_barra_de_busca,,249990,0,28412,0,2026-10-10 20:34:54
1667891315230-01,2026-10-10T20:30:45.0372330+00:00,79196,Multiloja,multilojaonline,Pagamento Aprovado,APP,app_barra_de_busca,app_barra_de_busca,,64990,0,14206,0,2026-10-10 20:34:54
1667881315228-01,2026-10-10T20:29:57.3774470+00:00,35954,WebContinental Marketplace,webcontinentalmktplace,Pagamento Aprovado,APP,ver_todos_app,2026_03_18_ver_todos_app,,32390,0,3564,0,2026-10-10 20:34:54
1667881315226-01,2026-10-10T20:28:25.0057126+00:00,6001,ROVITEX,rovitex,Pagamento Aprovado,APP,app_barra_de_busca,app_barra_de_busca,,4702,0,1299,0,2026-10-10 20:34:55
1667881315224-01,2026-10-10T20:27:22.7542410+00:00,58401,Multiloja,multilojaonline,Pagamento Aprovado,APP,banner_app_1010,banner_app_1010,,51990,0,6411,0,2026-10-10 20:34:55
1667881315216-01,2026-10-10T20:22:00.6801704+00:00,20767,WebContinental Marketplace,webcontinentalmktplace,Faturado,APP,app_barra_de_busca,app_barra_de_busca,,16218,0,4549,0,2026-10-10 20:34:55
1667881315214-01,2026-10-10T20:20:39.4389788+00:00,193890,Electrolux,electrolux,Pagamento Aprovado,APP,banner_app,banner_cat_eletrodomesticos_app,,189900,0,3990,0,2026-10-10 20:34:55
1667881315213-01,2026-10-10T20:20:17.2148430+00:00,48392,Philco,Philco,Pagamento Aprovado,APP,banner_app,banner_cat_eletrodomesticos_app,,42990,0,5402,0,2026-10-10 20:34:55
1667881315212-01,2026-10-10T20:19:22.6306024+00:00,6289,Indiana,farmaciaindiana,Pagamento Aprovado,APP,app_barra_de_busca,app_barra_de_busca,,5538,0,751,0,2026-10-10 20:34:55
1667881315207-01,2026-10-10T20:12:12.9287546+00:00,29207,Indiana,farmaciaindiana,Pagamento Aprovado,APP,app_barra_de_busca,app_barra_de_busca,,27980,0,1227,0,2026-10-10 20:34:55
1667881315204-01,2026-10-10T20:11:15.8864197+00:00,31734,WebContinental Marketplace,webcontinentalmktplace,Pagamento Aprovado,APP,banner_app,banner_gif_celulares_app,,29980,0,1754,0,2026-10-10 20:34:56
1667881315201-01,2026-10-10T20:06:09.1192440+00:00,17311,Encantech Shop,loyalt,Pagamento Aprovado,APP,app_barra_de_busca,app_barra_de_busca,,16711,0,600,0,2026-10-10 20:34:56
1667881315193-01,2026-10-10T20:01:31.0826786+00:00,5676,Indiana,farmaciaindiana,Pagamento Aprovado,,,,,4818,0,858,0,2026-10-10 20:34:56
1667881315192-01,2026-10-10T19:56:48.6169986+00:00,194391,Webfones,webfones,Pagamento Aprovado,APP,banner_app,banner_gif_celulares_app,,189900,0,4491,0,2026-10-10 20:34:56
1667881315182-01,2026-10-10T19:47:22.7771338+00:00,143215,Multiloja,multilojaonline,Pagamento Aprovado,APP,ver_todos_app,2026_03_18_ver_todos_app,,108990,0,34225,0,2026-10-10 20:34:56
1667881315178-01,2026-10-10T19:45:39.4871502+00:00,14031,Philco,Philco,Pagamento Aprovado,APP,ver_todos_app,2026_03_18_ver_todos_app,,11990,0,2041,0,2026-10-10 20:34:57
1667881315176-01,2026-10-10T19:44:31.3512268+00:00,9980,Electrolux,electrolux,Pagamento Aprovado,APP,banner_app_1010,banner_app_1010,,8990,0,990,0,2026-10-10 20:34:57
1667881315174-01,2026-10-10T19:41:42.2531784+00:00,46929,WebContinental Marketplace,webcontinentalmktplace,Pagamento Aprovado,APP,app_barra_de_busca,app_barra_de_busca,,43900,0,3029,0,2026-10-10 20:34:57
1667881315167-01,2026-10-10T19:37:23.8054061+00:00,20796,Tetrix,tetrix,Pagamento Aprovado,APP,app_barra_de_busca,app_barra_de_busca,,16900,0,3896,0,2026-10-10 20:34:57
1667881315166-01,2026-10-10T19:36:33.7032994+00:00,20663,Encantech Shop,loyalt,Pagamento Aprovado,APP,app_barra_de_busca,app_barra_de_busca,,18895,0,1768,0,2026-10-10 20:34:57
1667881315165-01,2026-10-10T19:34:25.6741023+00:00,14980,Electrolux,electrolux,Pagamento Aprovado,INAPP,INAPP,08102026INAPPESQUENTA,,13990,0,990,0,2026-10-10 20:34:57
1667871315160-02,2026-10-10T19:29:08.6206345+00:00,77890,Electrolux,electrolux,Pagamento Aprovado,APP,app_barra_de_busca,app_barra_de_busca,,75900,0,1990,0,2026-10-10 20:34:58
1667871315160-01,2026-10-10T19:29:08.6204246+00:00,58989,Madesa,madesa,Pagamento Aprovado,APP,app_barra_de_busca,app_barra_de_busca,,48999,0,9990,0,2026-10-10 20:34:58
1667871315159-01,2026-10-10T19:25:07.7802820+00:00,62416,WebContinental Marketplace,webcontinentalmktplace,Pagamento Aprovado,APP,app_barra_de_busca,app_barra_de_busca,,45290,0,17126,0,2026-10-10 20:34:58
1667871315156-01,2026-10-10T19:16:38.2722939+00:00,88076,Encantech Shop,loyalt,Pagamento Aprovado,APP,banner_app,banner_gif_tvs_app,,85803,0,2273,0,2026-10-10 20:34:58
1667871315155-01,2026-10-10T19:15:25.0205989+00:00,51518,Loja Marin Brasil,lojamarinbrasil,Pagamento Aprovado,APP,banner_app,banner_gif_celulares_app,,49390,0,2128,0,2026-10-10 20:34:58
1667871315154-01,2026-10-10T19:09:56.0072466+00:00,12608,Philco,Philco,Pagamento Aprovado,APP,app_barra_de_busca,app_barra_de_busca,,10990,0,1618,0,2026-10-10 20:34:58
1667871315153-01,2026-10-10T19:05:20.4867630+00:00,5429,MiniPreço,minipreco,Pagamento Aprovado,APP,banner_app_1010,banner_app_1010,,3999,0,1430,0,2026-10-10 20:34:58
1667871315151-01,2026-10-10T19:02:14.7439946+00:00,162790,WebContinental Marketplace,webcontinentalmktplace,Pagamento Aprovado,APP,ver_todos_app,2026_03_18_ver_todos_app,,136699,0,26091,0,2026-10-10 20:34:59
1667871315146-01,2026-10-10T18:54:57.0326680+00:00,58653,Philco,Philco,Pagamento Aprovado,PUSH,PUSHOVER,PUSHOVER1010,,52970,0,5683,0,2026-10-10 20:34:59
1667871315146-02,2026-10-10T18:54:57.0329381+00:00,18980,Electrolux,electrolux,Pagamento Aprovado,PUSH,PUSHOVER,PUSHOVER1010,,17990,0,990,0,2026-10-10 20:34:59
1667871315143-01,2026-10-10T18:53:48.8047968+00:00,20872,WebContinental Marketplace,webcontinentalmktplace,Pagamento Aprovado,APP,app_barra_de_busca,app_barra_de_busca,,20264,0,608,0,2026-10-10 20:34:59
1667871315138-01,2026-10-10T18:49:21.5747032+00:00,48980,Electrolux,electrolux,Pagamento Aprovado,APP,app_barra_de_busca,app_barra_de_busca,,47990,0,990,0,2026-10-10 20:35:00
1667871315137-01,2026-10-10T18:47:30.1147873+00:00,111228,Encantech Shop,loyalt,Pagamento Aprovado,APP,app_barra_de_busca,app_barra_de_busca,,110700,0,528,0,2026-10-10 20:35:00
1667871315136-01,2026-10-10T18:46:11.5896997+00:00,185517,Encantech Shop,loyalt,Pagamento Pendente,APP,ver_todos_app,2026_03_18_ver_todos_app,,184400,0,1117,0,2026-10-10 20:35:00
1667871315135-01,2026-10-10T18:45:42.6648050+00:00,15913,Philco,Philco,Pagamento Aprovado,APP,banner_app_aniversario,banner_app_aniversario,,13990,0,1923,0,2026-10-10 20:35:00
1667871315134-01,2026-10-10T18:42:53.3516352+00:00,169286,Encantech Shop,loyalt,Pagamento Aprovado,PUSH,PUSHOVER,PUSHOVER1010,,165600,0,3686,0,2026-10-10 20:35:00
1667871315133-01,2026-10-10T18:41:45.2787791+00:00,10925,Farma Conde,farmaconde,Pagamento Aprovado,APP,app_barra_de_busca,app_barra_de_busca,,9798,0,1127,0,2026-10-10 20:35:01
1667871315132-01,2026-10-10T18:41:31.4602053+00:00,46669,Philco,Philco,Pagamento Aprovado,APP,banner_app,banner_cat_eletronicos_app,,44990,0,1679,0,2026-10-10 20:35:01
1667871315131-01,2026-10-10T18:41:10.0765431+00:00,6700,WebContinental Marketplace,webcontinentalmktplace,Pagamento Aprovado,APP,app_barra_de_busca,app_barra_de_busca,,4125,0,2575,0,2026-10-10 20:35:01
1667871315129-01,2026-10-10T18:34:37.9508662+00:00,10174,WebContinental Marketplace,webcontinentalmktplace,Pagamento Aprovado,PUSH,	PUSH,10102026PUSH1010,,7498,0,2676,0,2026-10-10 20:35:01
1667871315128-01,2026-10-10T18:34:37.5433702+00:00,90878,WebContinental Marketplace,webcontinentalmktplace,Pagamento Aprovado,APP,banner_app,banner_cat_moveis_app,,66990,0,23888,0,2026-10-10 20:35:01
1667861315123-01,2026-10-10T18:23:16.3550690+00:00,8583,WebContinental Marketplace,webcontinentalmktplace,Pagamento Aprovado,APP,app_barra_de_busca,app_barra_de_busca,,6999,0,1584,0,2026-10-10 20:35:01
1667861315120-01,2026-10-10T18:16:49.3833600+00:00,33223,WebContinental Marketplace,webcontinentalmktplace,Pagamento Aprovado,APP,app_barra_de_busca,app_barra_de_busca,,27395,0,5828,0,2026-10-10 20:35:01
1667861315108-01,2026-10-10T18:11:02.2292495+00:00,8465,WebContinental Marketplace,webcontinentalmktplace,Pagamento Aprovado,APP,banner_app,banner_cat_cabelos_app,,5548,0,2917,0,2026-10-10 20:35:02
1667861315108-02,2026-10-10T18:11:02.2294501+00:00,64048,MMPlace,compreja,Faturado,APP,banner_app,banner_cat_cabelos_app,,59992,0,4056,0,2026-10-10 20:35:02
1667861315107-01,2026-10-10T18:03:50.6497064+00:00,12410,Encantech Shop,loyalt,Pagamento Aprovado,APP,banner_app,banner_gif_celulares_app,,10900,0,1510,0,2026-10-10 20:35:02
1667861315104-01,2026-10-10T17:59:52.9023568+00:00,8915,Encantech Shop,loyalt,Pagamento Aprovado,APP,app_barra_de_busca,app_barra_de_busca,,7900,0,1015,0,2026-10-10 20:35:02
1667861315103-01,2026-10-10T17:52:31.0369972+00:00,12450,Encantech Shop,loyalt,Pagamento Aprovado,APP,app_barra_de_busca,app_barra_de_busca,,10900,0,1550,0,2026-10-10 20:35:02
1667861315092-01,2026-10-10T17:44:28.4611480+00:00,12436,Encantech Shop,loyalt,Pagamento Aprovado,APP,banner_app,banner_cat_seminovos_app,,9500,0,2936,0,2026-10-10 20:35:03
1667861315088-01,2026-10-10T17:39:55.2789348+00:00,22239,Philco,Philco,Pagamento Aprovado,APP,app_barra_de_busca,app_barra_de_busca,,19990,0,2249,0,2026-10-10 20:35:03
1667861315084-01,2026-10-10T17:34:48.3362145+00:00,50121,Encantech Shop,loyalt,Pagamento Aprovado,APP,app_barra_de_busca,app_barra_de_busca,,49400,0,721,0,2026-10-10 20:35:03
1667861315083-01,2026-10-10T17:34:05.8392802+00:00,54890,Electrolux,electrolux,Pagamento Aprovado,APP,ver_todos_app,2026_03_18_ver_todos_app,,52900,0,1990,0,2026-10-10 20:35:03
1667861315081-01,2026-10-10T17:33:28.6000802+00:00,56840,WebContinental Marketplace,webcontinentalmktplace,Pagamento Aprovado,APP,banner_app_1010,banner_app_1010,,37089,0,19751,0,2026-10-10 20:35:03
1667861315081-02,2026-10-10T17:33:28.6003171+00:00,10069,Encantech Shop,loyalt,Pagamento Aprovado,APP,banner_app_1010,banner_app_1010,,7999,0,2070,0,2026-10-10 20:35:03
1667861315080-01,2026-10-10T17:32:48.6109041+00:00,76518,Encantech Shop,loyalt,Pagamento Aprovado,APP,app_barra_de_busca,app_barra_de_busca,,75900,0,618,0,2026-10-10 20:35:04
1667861315079-01,2026-10-10T17:32:22.7656556+00:00,24320,MiniPreço,minipreco,Pagamento Aprovado,APP,app_barra_de_busca,app_barra_de_busca,,19990,0,4330,0,2026-10-10 20:35:04
1667851315070-01,2026-10-10T17:23:47.3011274+00:00,129265,WebContinental Marketplace,webcontinentalmktplace,Pagamento Aprovado,APP,banner_app_1010,banner_app_1010,,122048,0,7217,0,2026-10-10 20:35:04
1667851315069-01,2026-10-10T17:22:50.8637696+00:00,55992,WebContinental Marketplace,webcontinentalmktplace,Pagamento Aprovado,APP,ver_todos_app,2026_03_18_ver_todos_app,,55992,0,0,0,2026-10-10 20:35:04
1667851315068-01,2026-10-10T17:21:46.4142420+00:00,26845,ROVITEX,rovitex,Pagamento Aprovado,,,,,25446,0,1399,0,2026-10-10 20:35:04
1667851315067-01,2026-10-10T17:20:38.7031858+00:00,58847,WebContinental Marketplace,webcontinentalmktplace,Pagamento Aprovado,APP,app_barra_de_busca,app_barra_de_busca,,54999,0,3848,0,2026-10-10 20:35:04
1667851315066-01,2026-10-10T17:19:31.3748074+00:00,53355,Karcher,lojakarcher,Faturado,APP,ver_todos_app,2026_03_18_ver_todos_app,,51900,0,1455,0,2026-10-10 20:35:05
1667851315065-01,2026-10-10T17:16:38.9274829+00:00,97980,Multiloja,multilojaonline,Pagamento Aprovado,APP,app_barra_de_busca,app_barra_de_busca,,89990,0,7990,0,2026-10-10 20:35:05
1667851315064-01,2026-10-10T17:13:51.3967337+00:00,83252,Encantech Shop,loyalt,Pagamento Aprovado,APP,app_barra_de_busca,app_barra_de_busca,,79980,0,3272,0,2026-10-10 20:35:05
1667851315062-01,2026-10-10T17:12:04.8489499+00:00,67683,WebContinental Marketplace,webcontinentalmktplace,Pagamento Aprovado,,,,,53990,0,13693,0,2026-10-10 20:35:05
1667851315058-01,2026-10-10T17:08:49.3565989+00:00,9980,Electrolux,electrolux,Pagamento Aprovado,APP,ver_todos_app,2026_03_18_ver_todos_app,,8990,0,990,0,2026-10-10 20:35:05
1667851315057-01,2026-10-10T17:08:10.0410912+00:00,63970,Philco,Philco,Pagamento Aprovado,APP,banner_app,banner_cat_eletrodomesticos_app,,63970,0,0,0,2026-10-10 20:35:05
1667851315056-01,2026-10-10T17:07:18.9141924+00:00,7910,Encantech Shop,loyalt,Pagamento Aprovado,APP,app_barra_de_busca,app_barra_de_busca,,6900,0,1010,0,2026-10-10 20:35:06
1667851315054-01,2026-10-10T17:07:10.8909868+00:00,22935,WebContinental Marketplace,webcontinentalmktplace,Pagamento Aprovado,APP,app_barra_de_busca,app_barra_de_busca,,19990,0,2945,0,2026-10-10 20:35:06
1667851315054-02,2026-10-10T17:07:10.8911419+00:00,29980,Electrolux,electrolux,Pagamento Aprovado,APP,app_barra_de_busca,app_barra_de_busca,,28990,0,990,0,2026-10-10 20:35:06
1667851315053-01,2026-10-10T17:02:21.8114098+00:00,10620,WebContinental Marketplace,webcontinentalmktplace,Pagamento Aprovado,APP,banner_app_1010,banner_app_1010,,8299,0,2321,0,2026-10-10 20:35:06
1667851315049-01,2026-10-10T16:59:12.9234003+00:00,59752,Electrolux,electrolux,Pagamento Aprovado,APP,app_barra_de_busca,app_barra_de_busca,,51900,0,7852,0,2026-10-10 20:35:06
1667851315048-01,2026-10-10T16:57:47.3386222+00:00,84372,Encantech Shop,loyalt,Pagamento Aprovado,APP,app_barra_de_busca,app_barra_de_busca,,79980,0,4392,0,2026-10-10 20:35:06
1667851315045-01,2026-10-10T16:54:18.7769763+00:00,28382,WebContinental Marketplace,webcontinentalmktplace,Pagamento Aprovado,APP,app_barra_de_busca,app_barra_de_busca,,23390,0,4992,0,2026-10-10 20:35:06
1667851315043-01,2026-10-10T16:52:45.7380994+00:00,14427,WebContinental Marketplace,webcontinentalmktplace,Pagamento Aprovado,APP,app_barra_de_busca,app_barra_de_busca,,11490,0,2937,0,2026-10-10 20:35:07
1667851315041-01,2026-10-10T16:51:36.5578538+00:00,50219,Philco,Philco,Pagamento Aprovado,APP,banner_app,banner_cat_eletroportateis_app,,45970,0,4249,0,2026-10-10 20:35:07
1667851315038-01,2026-10-10T16:50:57.9968956+00:00,42145,Encantech Shop,loyalt,Pagamento Aprovado,APP,app_barra_de_busca,app_barra_de_busca,,41300,0,845,0,2026-10-10 20:35:07
1667851315037-01,2026-10-10T16:45:49.7915719+00:00,227900,Direct Stock,lojapositivo,Pagamento Aprovado,APP,app_barra_de_busca,app_barra_de_busca,,227900,0,0,0,2026-10-10 20:35:07
1667841315026-01,2026-10-10T16:29:55.2380850+00:00,22529,Encantech Shop,loyalt,Pagamento Pendente,PUSH,PUSHOVER,PUSHOVER1010,,19990,0,2539,0,2026-10-10 20:35:07
1667841315023-01,2026-10-10T16:27:50.4340324+00:00,36448,Philco,Philco,Pagamento Aprovado,APP,banner_app_1010,banner_app_1010,,33990,0,2458,0,2026-10-10 20:35:07
1667841315021-01,2026-10-10T16:27:05.8517773+00:00,92266,WebContinental Marketplace,webcontinentalmktplace,Pagamento Aprovado,APP,banner_app_1010,banner_app_1010,,91028,0,1238,0,2026-10-10 20:35:08
1667841315020-01,2026-10-10T16:27:01.5642815+00:00,10467,Encantech Shop,loyalt,Pagamento Aprovado,APP,app_barra_de_busca,app_barra_de_busca,,10100,0,367,0,2026-10-10 20:35:08
1667841315018-01,2026-10-10T16:25:59.6774048+00:00,15890,Philco,Philco,Pagamento Aprovado,PUSH,	PUSH,300926PUSHODULTIMACHANCE,,13990,0,1900,0,2026-10-10 20:35:08
1667841315015-01,2026-10-10T16:22:10.8273677+00:00,111539,Encantech Shop,loyalt,Pagamento Aprovado,APP,banner_app,banner_gif_celulares_app,,110700,0,839,0,2026-10-10 20:35:09
1667841315012-01,2026-10-10T16:21:02.5599206+00:00,64989,Madesa,madesa,Pagamento Aprovado,APP,app_barra_de_busca,app_barra_de_busca,,54999,0,9990,0,2026-10-10 20:35:09
1667841315010-02,2026-10-10T16:20:24.9928178+00:00,7166,Farma Conde,farmaconde,Faturado,APP,cat_app_fg_sul_sudeste,cat_app_fg_sul_sudeste,,4999,0,2167,0,2026-10-10 20:35:09
1667841315010-01,2026-10-10T16:20:24.9926056+00:00,23108,Encantech Shop,loyalt,Pagamento Aprovado,APP,cat_app_fg_sul_sudeste,cat_app_fg_sul_sudeste,,20723,0,2385,0,2026-10-10 20:35:09
1667841315007-02,2026-10-10T16:20:14.0385123+00:00,232167,Encantech Shop,loyalt,Pagamento Aprovado,APP,app_barra_de_busca,app_barra_de_busca,,231567,0,600,0,2026-10-10 20:35:09
1667841315007-01,2026-10-10T16:20:14.0382045+00:00,10529,WebContinental Marketplace,webcontinentalmktplace,Pagamento Aprovado,APP,app_barra_de_busca,app_barra_de_busca,,5999,0,4530,0,2026-10-10 20:35:09
1667841315006-01,2026-10-10T16:20:11.0432757+00:00,84378,Encantech Shop,loyalt,Pagamento Aprovado,APP,banner_app,banner_gif_celulares_app,,81800,0,2578,0,2026-10-10 20:35:10
1667841315005-01,2026-10-10T16:19:37.2920874+00:00,175792,WebContinental Marketplace,webcontinentalmktplace,Pagamento Aprovado,APP,app_barra_de_busca,app_barra_de_busca,,152900,0,22892,0,2026-10-10 20:35:10
1667841315001-01,2026-10-10T16:16:21.3651166+00:00,18980,Electrolux,electrolux,Pagamento Aprovado,APP,ver_todos_app,2026_03_18_ver_todos_app,,17990,0,990,0,2026-10-10 20:35:10
1667841314998-02,2026-10-10T16:15:25.2638151+00:00,53123,WebContinental Marketplace,webcontinentalmktplace,Pagamento Aprovado,APP,ver_todos_app,2026_03_18_ver_todos_app,,51320,0,1803,0,2026-10-10 20:35:10
1667841314998-01,2026-10-10T16:15:25.2635264+00:00,49409,Encantech Shop,loyalt,Pagamento Aprovado,APP,ver_todos_app,2026_03_18_ver_todos_app,,48400,0,1009,0,2026-10-10 20:35:11
1667841314996-02,2026-10-10T16:15:02.4285495+00:00,36977,WebContinental Marketplace,webcontinentalmktplace,Pagamento Aprovado,APP,banner_app,banner_cat_moveis_app,,31647,0,5330,0,2026-10-10 20:35:11
1667841314996-01,2026-10-10T16:15:02.4283264+00:00,63999,Madesa,madesa,Pagamento Aprovado,APP,banner_app,banner_cat_moveis_app,,63999,0,0,0,2026-10-10 20:35:11
1667841314994-01,2026-10-10T16:13:54.0809630+00:00,12282,Indiana,farmaciaindiana,Pagamento Aprovado,APP,banner_app_1010,banner_app_1010,,11177,0,1105,0,2026-10-10 20:35:11
1667841314993-01,2026-10-10T16:12:50.5214769+00:00,64614,Philco,Philco,Pagamento Aprovado,APP,app_barra_de_busca,app_barra_de_busca,,62990,0,1624,0,2026-10-10 20:35:11
1667841314991-01,2026-10-10T16:11:18.8207201+00:00,45991,Philco,Philco,Pagamento Aprovado,APP,app_barra_de_busca,app_barra_de_busca,,37990,0,8001,0,2026-10-10 20:35:12
1667841314990-01,2026-10-10T16:11:03.2296256+00:00,76500,Encantech Shop,loyalt,Pagamento Aprovado,APP,banner_app_1010,banner_app_1010,,75900,0,600,0,2026-10-10 20:35:12
1667841314986-01,2026-10-10T16:08:38.9685508+00:00,59504,Philco,Philco,Pagamento Aprovado,APP,ver_todos_app,2026_03_18_ver_todos_app,,56990,0,2514,0,2026-10-10 20:35:12
1667841314984-01,2026-10-10T16:02:20.8312484+00:00,6158,WebContinental Marketplace,webcontinentalmktplace,Pagamento Aprovado,APP,app_barra_de_busca,app_barra_de_busca,,3990,0,2168,0,2026-10-10 20:35:12
1667841314983-01,2026-10-10T15:59:34.8343560+00:00,11809,Encantech Shop,loyalt,Pagamento Aprovado,APP,banner_app,banner_gif_celulares_app,,10900,0,909,0,2026-10-10 20:35:12
1667841314982-01,2026-10-10T15:59:34.1189597+00:00,73635,WebContinental Marketplace,webcontinentalmktplace,Pagamento Aprovado,APP,ver_todos_app,2026_03_18_ver_todos_app,,71490,0,2145,0,2026-10-10 20:35:12
1667841314980-01,2026-10-10T15:56:36.8824942+00:00,10542,Encantech Shop,loyalt,Pagamento Aprovado,APP,banner_app_1010,banner_app_1010,,10000,0,542,0,2026-10-10 20:35:13
1667841314977-01,2026-10-10T15:53:37.2695332+00:00,11816,Philco,Philco,Pagamento Aprovado,APP,banner_app,banner_gif_celulares_app,,9990,0,1826,0,2026-10-10 20:35:13
1667841314976-01,2026-10-10T15:53:02.7583896+00:00,26169,WebContinental Marketplace,webcontinentalmktplace,Pagamento Aprovado,APP,banner_app,banner_cat_seminovos_app,,20685,0,5484,0,2026-10-10 20:35:13
1667841314971-01,2026-10-10T15:47:50.0203618+00:00,16241,Encantech Shop,loyalt,Pagamento Aprovado,APP,banner_app_1010,banner_app_1010,,15547,0,694,0,2026-10-10 20:35:13
1667841314963-01,2026-10-10T15:44:10.8912387+00:00,40829,Philco,Philco,Pagamento Aprovado,APP,banner_app_1010,banner_app_1010,,37980,0,2849,0,2026-10-10 20:35:14
1667841314952-01,2026-10-10T15:39:51.8722964+00:00,82400,Encantech Shop,loyalt,Pagamento Pendente,PUSH,	PUSH,10102026PUSHHOME SBADO,,81800,0,600,0,2026-10-10 20:35:14
1667841314948-01,2026-10-10T15:37:26.3470480+00:00,24878,WebContinental Marketplace,webcontinentalmktplace,Pagamento Aprovado,APP,app_barra_de_busca,app_barra_de_busca,,21900,0,2978,0,2026-10-10 20:35:14
1667841314946-01,2026-10-10T15:34:30.9714014+00:00,58025,Philco,Philco,Pagamento Aprovado,APP,ver_todos_app,2026_03_18_ver_todos_app,,54990,0,3035,0,2026-10-10 20:35:14
1667831314940-01,2026-10-10T15:27:01.4087900+00:00,9184,WebContinental Marketplace,webcontinentalmktplace,Pagamento Aprovado,APP,app_barra_de_busca,app_barra_de_busca,,6392,0,2792,0,2026-10-10 20:35:14
1667831314939-01,2026-10-10T15:26:27.1831024+00:00,76672,Encantech Shop,loyalt,Pagamento Aprovado,APP,banner_app,banner_gif_celulares_app,,75900,0,772,0,2026-10-10 20:35:14
1667831314938-01,2026-10-10T15:25:26.9127967+00:00,12944,Encantech Shop,loyalt,Pagamento Aprovado,APP,banner_app,banner_gif_celulares_app,,11500,0,1444,0,2026-10-10 20:35:14
1667831314933-01,2026-10-10T15:20:51.3573995+00:00,10614,Encantech Shop,loyalt,Pagamento Aprovado,APP,banner_app,banner_cat_seminovos_app,,9024,0,1590,0,2026-10-10 20:35:15
1667831314931-02,2026-10-10T15:17:45.7605277+00:00,13361,We Connect,funstock,Faturado,APP,app_barra_de_busca,app_barra_de_busca,,10990,0,2371,0,2026-10-10 20:35:15
1667831314931-01,2026-10-10T15:17:45.7603186+00:00,13876,Encantech Shop,loyalt,Pagamento Aprovado,APP,app_barra_de_busca,app_barra_de_busca,,13200,0,676,0,2026-10-10 20:35:15
1667831314930-01,2026-10-10T15:17:33.3990115+00:00,16838,Encantech Shop,loyalt,Pagamento Aprovado,APP,app_barra_de_busca,app_barra_de_busca,,15248,0,1590,0,2026-10-10 20:35:15
1667831314929-01,2026-10-10T15:14:53.7935602+00:00,28960,Electrolux,electrolux,Pagamento Aprovado,APP,ver_todos_app,2026_03_18_ver_todos_app,,26980,0,1980,0,2026-10-10 20:35:15
1667831314928-01,2026-10-10T15:12:55.7015283+00:00,16838,Encantech Shop,loyalt,Pagamento Aprovado,APP,app_barra_de_busca,app_barra_de_busca,,15248,0,1590,0,2026-10-10 20:35:15
1667831314927-01,2026-10-10T15:12:28.2680569+00:00,25239,Philco,Philco,Pagamento Aprovado,APP,app_barra_de_busca,app_barra_de_busca,,22990,0,2249,0,2026-10-10 20:35:15
1667831314926-01,2026-10-10T15:08:22.1311661+00:00,3394,MiniPreço,minipreco,Pagamento Aprovado,APP,app_barra_de_busca,app_barra_de_busca,,2175,0,1219,0,2026-10-10 20:35:15
1667831314923-01,2026-10-10T14:56:48.0985584+00:00,19744,WebContinental Marketplace,webcontinentalmktplace,Pagamento Aprovado,APP,app_barra_de_busca,app_barra_de_busca,,14797,0,4947,0,2026-10-10 20:35:16
1667831314922-01,2026-10-10T14:54:17.7568433+00:00,27890,Philco,Philco,Pagamento Aprovado,APP,banner_app_1010,banner_app_1010,,25990,0,1900,0,2026-10-10 20:35:16
1667831314920-01,2026-10-10T14:50:38.4426808+00:00,12028,Encantech Shop,loyalt,Pagamento Aprovado,APP,app_barra_de_busca,app_barra_de_busca,,11500,0,528,0,2026-10-10 20:35:16
1667831314913-01,2026-10-10T14:40:56.0877004+00:00,17816,Philco,Philco,Pagamento Aprovado,APP,banner_app_1010,banner_app_1010,,15990,0,1826,0,2026-10-10 20:35:16
1667831314912-01,2026-10-10T14:40:22.9623028+00:00,12608,Philco,Philco,Pagamento Aprovado,APP,app_barra_de_busca,app_barra_de_busca,,10990,0,1618,0,2026-10-10 20:35:16
1667831314909-01,2026-10-10T14:36:51.6984134+00:00,99989,Madesa,madesa,Pagamento Aprovado,APP,banner_app,banner_cat_moveis_app,,89999,0,9990,0,2026-10-10 20:35:16
1667831314908-01,2026-10-10T14:33:07.1494884+00:00,84323,WebContinental Marketplace,webcontinentalmktplace,Pagamento Aprovado,APP,app_barra_de_busca,app_barra_de_busca,,80031,0,4292,0,2026-10-10 20:35:17
1667831314907-01,2026-10-10T14:30:39.1597120+00:00,21139,WebContinental Marketplace,webcontinentalmktplace,Pagamento Aprovado,APP,ver_todos_app,2026_03_18_ver_todos_app,,17999,0,3140,0,2026-10-10 20:35:17
1667821314906-01,2026-10-10T14:29:40.4560499+00:00,32331,WebContinental Marketplace,webcontinentalmktplace,Pagamento Aprovado,APP,app_barra_de_busca,app_barra_de_busca,,27832,0,4499,0,2026-10-10 20:35:17
1667821314903-01,2026-10-10T14:28:47.7329121+00:00,2336,MiniPreço,minipreco,Pagamento Aprovado,APP,banner_app,banner_cat_eletrodomesticos_app,,380,0,1956,0,2026-10-10 20:35:18
1667821314903-02,2026-10-10T14:28:47.7332127+00:00,23670,WebContinental Marketplace,webcontinentalmktplace,Faturado,APP,banner_app,banner_cat_eletrodomesticos_app,,21980,0,1690,0,2026-10-10 20:35:18
1667821314900-01,2026-10-10T14:26:45.9108358+00:00,52148,MiniPreço,minipreco,Pagamento Aprovado,APP,banner_app,banner_cat_eletrodomesticos_app,,49990,0,2158,0,2026-10-10 20:35:18
1667821314899-01,2026-10-10T14:25:02.9732637+00:00,701059,Shophub,shophub,Pagamento Pendente,,,,,686000,0,15059,0,2026-10-10 20:35:18
1667821314898-01,2026-10-10T14:24:59.2579408+00:00,77360,Philco,Philco,Pagamento Aprovado,APP,app_barra_de_busca,app_barra_de_busca,,69990,0,7370,0,2026-10-10 20:35:18
1667821314897-01,2026-10-10T14:22:49.4614411+00:00,689144,Shophub,shophub,Pagamento Pendente,,,,,686000,0,3144,0,2026-10-10 20:35:18
1667821314895-01,2026-10-10T14:22:32.3545634+00:00,24970,Electrolux,electrolux,Pagamento Aprovado,,,,,23980,0,990,0,2026-10-10 20:35:19
1667821314888-01,2026-10-10T14:18:42.8684031+00:00,79690,WebContinental Marketplace,webcontinentalmktplace,Pagamento Aprovado,APP,app_barra_de_busca,app_barra_de_busca,,53980,0,25710,0,2026-10-10 20:35:19
1667821314887-01,2026-10-10T14:17:33.6419502+00:00,203890,Electrolux,electrolux,Pagamento Aprovado,APP,app_barra_de_busca,app_barra_de_busca,,199900,0,3990,0,2026-10-10 20:35:19
1667821314883-01,2026-10-10T14:10:48.3764004+00:00,10190,WebContinental Marketplace,webcontinentalmktplace,Pagamento Aprovado,APP,app_barra_de_busca,app_barra_de_busca,,7540,0,2650,0,2026-10-10 20:35:19
1667821314881-01,2026-10-10T14:10:07.0675764+00:00,210374,Encantech Shop,loyalt,Pagamento Aprovado,APP,banner_app,banner_gif_tvs_app,,207900,0,2474,0,2026-10-10 20:35:19
1667821314877-01,2026-10-10T14:09:25.8651238+00:00,153800,Philco,Philco,Pagamento Aprovado,APP,banner_app,banner_gif_tvs_app,,149990,0,3810,0,2026-10-10 20:35:19
1667821314871-01,2026-10-10T14:03:29.8420309+00:00,106718,WebContinental Marketplace,webcontinentalmktplace,Pagamento Aprovado,APP,ver_todos_app,2026_03_18_ver_todos_app,,97794,0,8924,0,2026-10-10 20:35:20
1667821314870-01,2026-10-10T14:02:00.0069946+00:00,178255,Multiloja,multilojaonline,Pagamento Aprovado,APP,app_barra_de_busca,app_barra_de_busca,,175990,0,2265,0,2026-10-10 20:35:20
1667821314869-01,2026-10-10T14:00:59.1505141+00:00,65519,WebContinental Marketplace,webcontinentalmktplace,Pagamento Aprovado,APP,banner_app,banner_cat_eletrodomesticos_app,,51900,0,13619,0,2026-10-10 20:35:20
1667821314868-01,2026-10-10T13:58:39.0863273+00:00,23262,Philco,Philco,Pagamento Aprovado,INAPP,INAPP,10102026,,20990,0,2272,0,2026-10-10 20:35:20
1667821314865-01,2026-10-10T13:52:35.5222918+00:00,75123,WebContinental Marketplace,webcontinentalmktplace,Pagamento Aprovado,APP,app_barra_de_busca,app_barra_de_busca,,67900,0,7223,0,2026-10-10 20:35:20
1667821314861-01,2026-10-10T13:45:20.4199945+00:00,135600,Armazém Circular,armazemcircular,Pagamento Aprovado,APP,banner_app,banner_cat_seminovos_app,,133600,0,2000,0,2026-10-10 20:35:20
1667821314859-01,2026-10-10T13:38:36.7929545+00:00,37065,WebContinental Marketplace,webcontinentalmktplace,Pagamento Aprovado,APP,banner_app,banner_gif_celulares_app,,33817,0,3248,0,2026-10-10 20:35:20
1667821314858-01,2026-10-10T13:38:10.3381894+00:00,3045,Indiana,farmaciaindiana,Pagamento Aprovado,APP,banner_app',banner_cat_farmacia,,2289,0,756,0,2026-10-10 20:35:20
1667821314857-01,2026-10-10T13:36:51.2877036+00:00,36759,WebContinental Marketplace,webcontinentalmktplace,Pagamento Aprovado,APP,app_barra_de_busca,app_barra_de_busca,,24941,0,11818,0,2026-10-10 20:35:21
1667821314854-02,2026-10-10T13:32:44.2166636+00:00,4225,MiniPreço,minipreco,Pagamento Aprovado,APP,ver_todos_app,2026_03_18_ver_todos_app,,2998,0,1227,0,2026-10-10 20:35:21
1667821314854-01,2026-10-10T13:32:44.2164760+00:00,8697,Encantech Shop,loyalt,Pagamento Aprovado,APP,ver_todos_app,2026_03_18_ver_todos_app,,8100,0,597,0,2026-10-10 20:35:21
1667811314853-01,2026-10-10T13:29:46.9301961+00:00,10685,WebContinental Marketplace,webcontinentalmktplace,Faturado,APP,app_barra_de_busca,app_barra_de_busca,,9690,0,995,0,2026-10-10 20:35:21
1667811314852-01,2026-10-10T13:28:52.7209299+00:00,10696,Electrolux,electrolux,Pagamento Aprovado,PUSH,	PUSH,10102026PUSH1010,,8990,0,1706,0,2026-10-10 20:35:21
1667811314850-01,2026-10-10T13:27:35.7392635+00:00,18980,Electrolux,electrolux,Pagamento Aprovado,APP,app_barra_de_busca,app_barra_de_busca,,17990,0,990,0,2026-10-10 20:35:21
1667811314845-01,2026-10-10T13:20:01.9796560+00:00,14315,Encantech Shop,loyalt,Pagamento Aprovado,APP,app_barra_de_busca,app_barra_de_busca,,13200,0,1115,0,2026-10-10 20:35:21
1667811314843-01,2026-10-10T13:19:04.4972110+00:00,283191,WebContinental Marketplace,webcontinentalmktplace,Pagamento Pendente,APP,ver_todos_app,2026_03_18_ver_todos_app,,260804,0,22387,0,2026-10-10 20:35:21
1667811314837-01,2026-10-10T13:15:33.4648712+00:00,12782,Encantech Shop,loyalt,Pagamento Aprovado,APP,app_barra_de_busca,app_barra_de_busca,,11768,0,1014,0,2026-10-10 20:35:22
1667811314834-01,2026-10-10T13:06:03.2710758+00:00,18889,Encantech Shop,loyalt,Pagamento Aprovado,APP,banner_app,banner_cat_eletrodomesticos_app,,17908,0,981,0,2026-10-10 20:35:22
1667811314833-01,2026-10-10T13:05:19.8647637+00:00,10999,Encantech Shop,loyalt,Pagamento Aprovado,APP,app_barra_de_busca,app_barra_de_busca,,10999,0,0,0,2026-10-10 20:35:22
1667811314832-01,2026-10-10T13:04:49.0880785+00:00,128306,Encantech Shop,loyalt,Pagamento Aprovado,APP,app_barra_de_busca,app_barra_de_busca,,125656,0,2650,0,2026-10-10 20:35:22
1667811314829-01,2026-10-10T13:02:21.4519988+00:00,225619,WebContinental Marketplace,webcontinentalmktplace,Pagamento Aprovado,APP,banner_app,banner_cat_eletrodomesticos_app,,210990,0,14629,0,2026-10-10 20:35:22
1667811314824-01,2026-10-10T12:49:07.7943717+00:00,70699,WebContinental Marketplace,webcontinentalmktplace,Faturado,APP,ver_todos_app,2026_03_18_ver_todos_app,,56999,0,13700,0,2026-10-10 20:35:22
1667811314822-01,2026-10-10T12:47:22.3408718+00:00,11824,Encantech Shop,loyalt,Pagamento Aprovado,APP,ver_todos_app,2026_03_18_ver_todos_app,,10900,0,924,0,2026-10-10 20:35:23
1667811314823-01,2026-10-10T12:47:22.4990598+00:00,30114,Philco,Philco,Pagamento Aprovado,APP,banner_app,banner_cat_eletrodomesticos_app,,27990,0,2124,0,2026-10-10 20:35:23
1667811314821-01,2026-10-10T12:44:09.7499993+00:00,147995,Multiloja,multilojaonline,Pagamento Aprovado,APP,app_barra_de_busca,app_barra_de_busca,,108990,0,39005,0,2026-10-10 20:35:23
1667811314820-01,2026-10-10T12:43:43.0386705+00:00,32980,Electrolux,electrolux,Pagamento Aprovado,INAPP,INAPP,10102026,,31990,0,990,0,2026-10-10 20:35:23
1667811314819-01,2026-10-10T12:42:42.3566146+00:00,146802,WebContinental Marketplace,webcontinentalmktplace,Pagamento Aprovado,APP,banner_app,banner_gif_celulares_app,,139900,0,6902,0,2026-10-10 20:35:23
1667811314816-01,2026-10-10T12:41:24.7433803+00:00,13317,MMPlace,compreja,Faturado,APP,app_barra_de_busca,app_barra_de_busca,,11992,0,1325,0,2026-10-10 20:35:23
1667811314815-01,2026-10-10T12:41:08.6134733+00:00,117686,Encantech Shop,loyalt,Pagamento Aprovado,APP,banner_app_1010,banner_app_1010,,114900,0,2786,0,2026-10-10 20:35:24
1667811314811-01,2026-10-10T12:34:49.6418261+00:00,210374,Encantech Shop,loyalt,Pagamento Pendente,APP,ver_todos_app,2026_03_18_ver_todos_app,,207900,0,2474,0,2026-10-10 20:35:24
1667811314809-01,2026-10-10T12:32:40.2071356+00:00,142832,Philco,Philco,Pagamento Aprovado,APP,banner_app,banner_gif_tvs_app,,139990,0,2842,0,2026-10-10 20:35:24
1667801314807-01,2026-10-10T12:27:32.8252766+00:00,14637,Philco,Philco,Pagamento Aprovado,APP,app_barra_de_busca,app_barra_de_busca,,11990,0,2647,0,2026-10-10 20:35:24
1667801314802-01,2026-10-10T12:19:13.3027589+00:00,16826,WebContinental Marketplace,webcontinentalmktplace,Pagamento Aprovado,APP,app_barra_de_busca,app_barra_de_busca,,13899,0,2927,0,2026-10-10 20:35:24
1667801314801-01,2026-10-10T12:18:59.5808826+00:00,20992,Philco,Philco,Pagamento Aprovado,APP,banner_app_1010,banner_app_1010,,18990,0,2002,0,2026-10-10 20:35:24
1667801314797-01,2026-10-10T12:16:39.2894949+00:00,33168,Encantech Shop,loyalt,Pagamento Aprovado,APP,app_barra_de_busca,app_barra_de_busca,,27514,0,5654,0,2026-10-10 20:35:25
1667801314792-01,2026-10-10T12:08:19.1472346+00:00,8700,Encantech Shop,loyalt,Pagamento Aprovado,APP,app_barra_de_busca,app_barra_de_busca,,8100,0,600,0,2026-10-10 20:35:25
1667801314792-02,2026-10-10T12:08:19.1474129+00:00,9980,Electrolux,electrolux,Pagamento Aprovado,APP,app_barra_de_busca,app_barra_de_busca,,8990,0,990,0,2026-10-10 20:35:25
1667801314790-01,2026-10-10T12:07:12.8635297+00:00,18980,Electrolux,electrolux,Pagamento Aprovado,APP,ver_todos_app,2026_03_18_ver_todos_app,,17990,0,990,0,2026-10-10 20:35:26
1667801314788-01,2026-10-10T12:02:22.8279131+00:00,9194,Encantech Shop,loyalt,Pagamento Pendente,APP,app_barra_de_busca,app_barra_de_busca,,8100,0,1094,0,2026-10-10 20:35:26
1667801314785-01,2026-10-10T11:56:31.0699127+00:00,11282,Encantech Shop,loyalt,Pagamento Aprovado,APP,ver_todos_app,2026_03_18_ver_todos_app,,10900,0,382,0,2026-10-10 20:35:26
1667801314784-01,2026-10-10T11:56:13.1116882+00:00,14025,WebContinental Marketplace,webcontinentalmktplace,Faturado,APP,app_barra_de_busca,app_barra_de_busca,,11370,0,2655,0,2026-10-10 20:35:26
1667801314780-01,2026-10-10T11:43:19.6277792+00:00,8146,WebContinental Marketplace,webcontinentalmktplace,Pagamento Aprovado,APP,app_barra_de_busca,app_barra_de_busca,,5788,0,2358,0,2026-10-10 20:35:26
1667801314779-01,2026-10-10T11:43:04.5586437+00:00,101137,WebContinental Marketplace,webcontinentalmktplace,Pagamento Aprovado,APP,banner_app,banner_gif_celulares_app,,94514,0,6623,0,2026-10-10 20:35:26
1667801314777-01,2026-10-10T11:42:36.2823052+00:00,51673,Encantech Shop,loyalt,Pagamento Aprovado,APP,ver_todos_app,2026_03_18_ver_todos_app,,48400,0,3273,0,2026-10-10 20:35:26
1667801314775-01,2026-10-10T11:40:40.1562526+00:00,140679,Multiloja,multilojaonline,Pagamento Aprovado,APP,app_barra_de_busca,app_barra_de_busca,,108990,0,31689,0,2026-10-10 20:35:27
1667801314774-01,2026-10-10T11:39:52.8514838+00:00,30270,Shophub,shophub,Pagamento Aprovado,APP,app_barra_de_busca,app_barra_de_busca,,21952,0,8318,0,2026-10-10 20:35:27
1667801314773-01,2026-10-10T11:35:52.2631597+00:00,22980,Electrolux,electrolux,Pagamento Aprovado,APP,app_barra_de_busca,app_barra_de_busca,,21990,0,990,0,2026-10-10 20:35:27
1667801314772-01,2026-10-10T11:35:27.3448967+00:00,40801,WebContinental Marketplace,webcontinentalmktplace,Pagamento Aprovado,APP,banner_app_1010,banner_app_1010,,36990,0,3811,0,2026-10-10 20:35:27
1667801314770-01,2026-10-10T11:34:28.0287833+00:00,6391,WebContinental Marketplace,webcontinentalmktplace,Faturado,APP,banner_app,banner_cat_seminovos_app,,3312,0,3079,0,2026-10-10 20:35:27
1667791314761-01,2026-10-10T11:25:58.9745471+00:00,51703,Philco,Philco,Pagamento Aprovado,APP,ver_todos_app,2026_03_18_ver_todos_app,,49990,0,1713,0,2026-10-10 20:35:30
1667791314760-01,2026-10-10T11:25:21.4820557+00:00,15052,Encantech Shop,loyalt,Pagamento Aprovado,APP,banner_app,banner_cat_moveis_app,,14194,0,858,0,2026-10-10 20:35:30
1667791314754-01,2026-10-10T11:12:17.3295469+00:00,4478,MiniPreço,minipreco,Pagamento Aprovado,APP,app_barra_de_busca,app_barra_de_busca,,2999,0,1479,0,2026-10-10 20:35:30
1667791314754-02,2026-10-10T11:12:17.3297738+00:00,6384,WebContinental Marketplace,webcontinentalmktplace,Pagamento Aprovado,APP,app_barra_de_busca,app_barra_de_busca,,2890,0,3494,0,2026-10-10 20:35:30
1667791314753-01,2026-10-10T11:08:42.6617298+00:00,3273,Farma Conde,farmaconde,Faturado,APP,banner_app_1010,banner_app_1010,,2199,0,1074,0,2026-10-10 20:35:31
1667791314752-01,2026-10-10T10:56:16.4112857+00:00,11992,Encantech Shop,loyalt,Pagamento Aprovado,APP,app_barra_de_busca,app_barra_de_busca,,11500,0,492,0,2026-10-10 20:35:31
1667791314750-01,2026-10-10T10:51:17.2808981+00:00,75115,Multiloja,multilojaonline,Pagamento Aprovado,APP,banner_app,banner_cat_eletrodomesticos_app,,64990,0,10125,0,2026-10-10 20:35:31
1667791314748-01,2026-10-10T10:38:04.2818469+00:00,60366,Encantech Shop,loyalt,Pagamento Aprovado,APP,ver_todos_app,2026_03_18_ver_todos_app,,57900,0,2466,0,2026-10-10 20:35:31
1667781314742-02,2026-10-10T10:26:58.5215519+00:00,16303,WebContinental Marketplace,webcontinentalmktplace,Pagamento Aprovado,APP,banner_app_1010,banner_app_1010,,13990,0,2313,0,2026-10-10 20:35:31
1667781314742-01,2026-10-10T10:26:58.5212940+00:00,13376,MiniPreço,minipreco,Pagamento Aprovado,APP,banner_app_1010,banner_app_1010,,11995,0,1381,0,2026-10-10 20:35:31
1667781314738-01,2026-10-10T10:20:03.0560316+00:00,76314,WebContinental Marketplace,webcontinentalmktplace,Pagamento Aprovado,APP,app_barra_de_busca,app_barra_de_busca,,63815,0,12499,0,2026-10-10 20:35:31
1667781314737-01,2026-10-10T10:17:25.0080577+00:00,53989,Madesa,madesa,Faturado,APP,banner_app,banner_cat_moveis_app,,45999,0,7990,0,2026-10-10 20:35:32
1667781314736-01,2026-10-10T10:17:04.6614720+00:00,14000,Encantech Shop,loyalt,Pagamento Aprovado,APP,app_barra_de_busca,app_barra_de_busca,,13400,0,600,0,2026-10-10 20:35:32
1667761314719-01,2026-10-10T07:43:43.2001066+00:00,16091,Bumerang Brinquedos,bumerangbrinquedos,Pagamento Aprovado,APP,app_barra_de_busca,app_barra_de_busca,,13999,0,2092,0,2026-10-10 20:35:32
1667761314718-01,2026-10-10T07:37:58.4323624+00:00,6742,Farma Conde,farmaconde,Faturado,APP,ver_todos_app,2026_03_18_ver_todos_app,,4579,0,2163,0,2026-10-10 20:35:32
1667751314715-03,2026-10-10T07:12:33.0784858+00:00,10980,Encantech Shop,loyalt,Pagamento Aprovado,APP,app_barra_de_busca,app_barra_de_busca,,9390,0,1590,0,2026-10-10 20:35:32
1667751314715-02,2026-10-10T07:12:33.0783856+00:00,7023,Pense Farma,pensefarma,Faturado,APP,app_barra_de_busca,app_barra_de_busca,,5074,0,1949,0,2026-10-10 20:35:33
1667751314715-01,2026-10-10T07:12:33.0782096+00:00,7367,Farma Conde,farmaconde,Faturado,APP,app_barra_de_busca,app_barra_de_busca,,5198,0,2169,0,2026-10-10 20:35:33
1667751314714-01,2026-10-10T06:54:47.7305956+00:00,56958,MiniPreço,minipreco,Pagamento Aprovado,APP,banner_app,banner_gif_celulares_app,,46095,0,10863,0,2026-10-10 20:35:33
1667751314712-01,2026-10-10T06:48:10.1566532+00:00,50560,Encantech Shop,loyalt,Faturado,APP,ver_todos_app,2026_03_18_ver_todos_app,,49900,0,660,0,2026-10-10 20:35:33
1667741314706-01,2026-10-10T05:53:22.4830285+00:00,19325,MiniPreço,minipreco,Pagamento Aprovado,APP,app_barra_de_busca,app_barra_de_busca,,15656,0,3669,0,2026-10-10 20:35:33
1667731314705-01,2026-10-10T05:09:52.2024922+00:00,16303,WebContinental Marketplace,webcontinentalmktplace,Pagamento Aprovado,APP,app_barra_de_busca,app_barra_de_busca,,13990,0,2313,0,2026-10-10 20:35:34
1667731314702-01,2026-10-10T05:04:49.0374230+00:00,12013,Philco,Philco,Pagamento Aprovado,,,,,9990,0,2023,0,2026-10-10 20:35:34
1667731314701-01,2026-10-10T04:55:09.0996025+00:00,21347,WebContinental Marketplace,webcontinentalmktplace,Pagamento Aprovado,APP,app_barra_de_busca,app_barra_de_busca,,18470,0,2877,0,2026-10-10 20:35:34
1667731314700-01,2026-10-10T04:52:00.8406687+00:00,11180,WebContinental Marketplace,webcontinentalmktplace,Pagamento Aprovado,APP,app_barra_de_busca,app_barra_de_busca,,5150,0,6030,0,2026-10-10 20:35:34
1667731314696-01,2026-10-10T04:47:43.0714419+00:00,30512,WebContinental Marketplace,webcontinentalmktplace,Faturado,APP,banner_app_1010,banner_app_1010,,25181,0,5331,0,2026-10-10 20:35:34
1667721314692-01,2026-10-10T04:24:43.3993105+00:00,18970,Electrolux,electrolux,Pagamento Aprovado,APP,banner_app,banner_cat_seminovos_app,,17980,0,990,0,2026-10-10 20:35:34
1667721314690-01,2026-10-10T04:21:37.9701607+00:00,66980,Multiloja,multilojaonline,Pagamento Pendente,APP,ver_todos_app,2026_03_18_ver_todos_app,,59990,0,6990,0,2026-10-10 20:35:34
1667721314687-01,2026-10-10T04:19:47.3249825+00:00,30683,WebContinental,webcontinental,Faturado,APP,app_barra_de_busca,app_barra_de_busca,,25920,0,4763,0,2026-10-10 20:35:35
1667721314687-02,2026-10-10T04:19:47.3252537+00:00,29598,WebContinental Marketplace,webcontinentalmktplace,Pagamento Aprovado,APP,app_barra_de_busca,app_barra_de_busca,,23990,0,5608,0,2026-10-10 20:35:35
1667721314678-01,2026-10-10T03:43:20.6237196+00:00,20618,Encantech Shop,loyalt,Pagamento Aprovado,APP,banner_app_1010,banner_app_1010,,20000,0,618,0,2026-10-10 20:35:35
1667721314673-01,2026-10-10T03:39:26.2591710+00:00,22980,Electrolux,electrolux,Pagamento Aprovado,,,,,21990,0,990,0,2026-10-10 20:35:35
1667721314671-01,2026-10-10T03:34:21.6558321+00:00,11980,Electrolux,electrolux,Pagamento Aprovado,APP,banner_app,banner_cat_moveis_app,,10990,0,990,0,2026-10-10 20:35:35
1667721314671-02,2026-10-10T03:34:21.6559941+00:00,12099,WebContinental Marketplace,webcontinentalmktplace,Faturado,APP,banner_app,banner_cat_moveis_app,,10990,0,1109,0,2026-10-10 20:35:35
1667721314669-01,2026-10-10T03:30:56.3426475+00:00,111892,Encantech Shop,loyalt,Faturado,APP,banner_app,banner_gif_celulares_app,,110700,0,1192,0,2026-10-10 20:35:36
1667721314668-01,2026-10-10T03:30:44.9005258+00:00,59693,WebContinental Marketplace,webcontinentalmktplace,Faturado,APP,banner_app,banner_cat_moveis_app,,46758,0,12935,0,2026-10-10 20:35:36
1667711314667-01,2026-10-10T03:28:26.6825005+00:00,32374,WebContinental Marketplace,webcontinentalmktplace,Pagamento Aprovado,APP,app_barra_de_busca,app_barra_de_busca,,28990,0,3384,0,2026-10-10 20:35:36
1667711314663-01,2026-10-10T03:25:32.5420956+00:00,18923,Encantech Shop,loyalt,Pagamento Aprovado,APP,banner_app_dia_das_crianças,banner_app_dia_das_crianças,,17789,0,1134,0,2026-10-10 20:35:36
1667711314661-01,2026-10-10T03:24:36.7868883+00:00,11923,Indiana,farmaciaindiana,Pagamento Aprovado,APP,app_barra_de_busca,app_barra_de_busca,,11129,0,794,0,2026-10-10 20:35:37
1667711314661-02,2026-10-10T03:24:36.7871127+00:00,16888,WebContinental Marketplace,webcontinentalmktplace,Faturado,APP,app_barra_de_busca,app_barra_de_busca,,14990,0,1898,0,2026-10-10 20:35:37
1667711314659-02,2026-10-10T03:16:23.5201862+00:00,37964,MiniPreço,minipreco,Pagamento Aprovado,APP,banner_app_dia_das_crianças,banner_app_dia_das_crianças,,35090,0,2874,0,2026-10-10 20:35:37
1667711314659-01,2026-10-10T03:16:23.5199686+00:00,37343,WebContinental Marketplace,webcontinentalmktplace,Faturado,APP,banner_app_dia_das_crianças,banner_app_dia_das_crianças,,27365,0,9978,0,2026-10-10 20:35:37
1667711314657-01,2026-10-10T03:15:40.2420130+00:00,9506,WebContinental Marketplace,webcontinentalmktplace,Pagamento Aprovado,APP,ver_todos_app,2026_03_18_ver_todos_app,,7185,0,2321,0,2026-10-10 20:35:37
1667711314653-01,2026-10-10T03:09:33.8337983+00:00,32056,MMPlace,compreja,Faturado,APP,banner_app_dia_das_crianças,banner_app_dia_das_crianças,,29743,0,2313,0,2026-10-10 20:35:37
1667711314649-01,2026-10-10T02:57:36.1564472+00:00,28978,Vip Shop Outlet,vipshop,Faturado,APP,app_barra_de_busca,app_barra_de_busca,,28978,0,0,0,2026-10-10 20:35:37
1667711314648-01,2026-10-10T02:46:01.3772583+00:00,197535,Multiloja,multilojaonline,Faturado,APP,banner_app,banner_gif_celulares_app,,184990,0,12545,0,2026-10-10 20:35:37
1667711314646-01,2026-10-10T02:43:20.9929801+00:00,39407,WebContinental Marketplace,webcontinentalmktplace,Pagamento Aprovado,APP,app_barra_de_busca,app_barra_de_busca,,33784,0,5623,0,2026-10-10 20:35:38
1667711314645-01,2026-10-10T02:37:55.8169445+00:00,23671,MMPlace,compreja,Faturado,APP,app_barra_de_busca,app_barra_de_busca,,23064,0,607,0,2026-10-10 20:35:38
1667711314644-01,2026-10-10T02:37:09.3490528+00:00,53569,Vip Shop Outlet,vipshop,Faturado,APP,app_barra_de_busca,app_barra_de_busca,,53569,0,0,0,2026-10-10 20:35:38
1667711314642-01,2026-10-10T02:31:06.1794554+00:00,23030,WebContinental Marketplace,webcontinentalmktplace,Faturado,APP,app_barra_de_busca,app_barra_de_busca,,19980,0,3050,0,2026-10-10 20:35:38
1667701314640-01,2026-10-10T02:27:11.9011923+00:00,228890,Electrolux,electrolux,Faturado,APP,banner_app,banner_cat_eletrodomesticos_app,,224900,0,3990,0,2026-10-10 20:35:38
1667701314636-01,2026-10-10T02:18:38.1093695+00:00,221036,Encantech Shop,loyalt,Faturado,APP,banner_app,banner_gif_celulares_app,,219900,0,1136,0,2026-10-10 20:35:38
1667701314632-01,2026-10-10T02:06:53.9684207+00:00,43564,WebContinental Marketplace,webcontinentalmktplace,Faturado,APP,app_barra_de_busca,app_barra_de_busca,,37900,0,5664,0,2026-10-10 20:35:38
1667701314621-01,2026-10-10T01:50:07.2052005+00:00,19475,Encantech Shop,loyalt,Pagamento Aprovado,APP,app_barra_de_busca,app_barra_de_busca,,18500,0,975,0,2026-10-10 20:35:39
1667701314619-01,2026-10-10T01:48:47.9437811+00:00,88033,WebContinental Marketplace,webcontinentalmktplace,Pagamento Aprovado,APP,app_barra_de_busca,app_barra_de_busca,,76000,0,12033,0,2026-10-10 20:35:39
1667701314618-01,2026-10-10T01:48:15.9219610+00:00,146505,Philco,Philco,Pagamento Aprovado,APP,banner_app,banner_gif_tvs_app,,139990,0,6515,0,2026-10-10 20:35:39
1667701314617-01,2026-10-10T01:48:05.8070627+00:00,18781,Encantech Shop,loyalt,Pagamento Aprovado,APP,banner_app,banner_cat_eletrodomesticos_app,,17910,0,871,0,2026-10-10 20:35:39
1667701314616-01,2026-10-10T01:44:15.8512814+00:00,18527,WebContinental Marketplace,webcontinentalmktplace,Pagamento Aprovado,APP,app_barra_de_busca,app_barra_de_busca,,15990,0,2537,0,2026-10-10 20:35:39
1667701314615-01,2026-10-10T01:41:04.6643877+00:00,20291,WebContinental Marketplace,webcontinentalmktplace,Pagamento Aprovado,APP,ver_todos_app,2026_03_18_ver_todos_app,,19700,0,591,0,2026-10-10 20:35:39
1667701314612-01,2026-10-10T01:32:27.1954898+00:00,15785,Philco,Philco,Pagamento Aprovado,APP,ver_todos_app,2026_03_18_ver_todos_app,,13990,0,1795,0,2026-10-10 20:35:39
1667701314610-01,2026-10-10T01:31:47.2299370+00:00,77890,Electrolux,electrolux,Pagamento Aprovado,APP,app_barra_de_busca,app_barra_de_busca,,75900,0,1990,0,2026-10-10 20:35:40
1667701314608-01,2026-10-10T01:31:45.9444933+00:00,31257,WebContinental Marketplace,webcontinentalmktplace,Faturado,PUSH,	PUSH,09102026PUSHHOME,,27990,0,3267,0,2026-10-10 20:35:40
1667691314600-01,2026-10-10T01:22:31.9250005+00:00,105493,Encantech Shop,loyalt,Faturado,APP,banner_app_dia_das_crianças,banner_app_dia_das_crianças,,99889,0,5604,0,2026-10-10 20:35:40
1667691314598-01,2026-10-10T01:18:30.0421203+00:00,111360,Encantech Shop,loyalt,Faturado,APP,banner_app,banner_gif_celulares_app,,110700,0,660,0,2026-10-10 20:35:40
1667691314593-01,2026-10-10T01:09:59.6131277+00:00,35991,Philco,Philco,Pagamento Aprovado,APP,app_barra_de_busca,app_barra_de_busca,,27990,0,8001,0,2026-10-10 20:35:40
1667691314591-01,2026-10-10T01:06:40.5459550+00:00,22544,WebContinental Marketplace,webcontinentalmktplace,Pagamento Aprovado,APP,ver_todos_app,2026_03_18_ver_todos_app,,19990,0,2554,0,2026-10-10 20:35:40
1667691314590-01,2026-10-10T01:06:34.1970520+00:00,8406,MiniPreço,minipreco,Faturado,APP,banner_app_dia_das_crianças,banner_app_dia_das_crianças,,5890,0,2516,0,2026-10-10 20:35:40
1667691314589-01,2026-10-10T01:06:09.3034735+00:00,251522,Encantech Shop,loyalt,Faturado,APP,banner_app,banner_gif_celulares_app,,249900,0,1622,0,2026-10-10 20:35:40
1667691314588-01,2026-10-10T01:05:28.3204460+00:00,24160,Encantech Shop,loyalt,Faturado,,,,,22900,0,1260,0,2026-10-10 20:35:40
1667691314585-01,2026-10-10T01:02:42.9567743+00:00,27992,Philco,Philco,Pagamento Aprovado,APP,banner_app,banner_cat_eletrodomesticos_app,,25990,0,2002,0,2026-10-10 20:35:41
1667691314582-01,2026-10-10T00:59:25.7452880+00:00,7761,MiniPreço,minipreco,Faturado,APP,ver_todos_app,2026_03_18_ver_todos_app,,6499,0,1262,0,2026-10-10 20:35:41
1667691314580-02,2026-10-10T00:58:29.9056343+00:00,14523,WebContinental Marketplace,webcontinentalmktplace,Pagamento Aprovado,APP,banner_app,banner_cat_moveis_app,,11690,0,2833,0,2026-10-10 20:35:41
1667691314580-01,2026-10-10T00:58:29.9054258+00:00,21859,Philco,Philco,Pagamento Aprovado,APP,banner_app,banner_cat_moveis_app,,19990,0,1869,0,2026-10-10 20:35:41
1667691314579-01,2026-10-10T00:57:36.3093519+00:00,19008,Philco,Philco,Pagamento Aprovado,APP,app_barra_de_busca,app_barra_de_busca,,16990,0,2018,0,2026-10-10 20:35:41
1667691314574-01,2026-10-10T00:51:22.1649412+00:00,31716,MMPlace,compreja,Faturado,APP,app_barra_de_busca,app_barra_de_busca,,29743,0,1973,0,2026-10-10 20:35:41
1667691314573-01,2026-10-10T00:48:48.9730303+00:00,29736,WebContinental Marketplace,webcontinentalmktplace,Pagamento Aprovado,APP,banner_app_dia_das_crianças,banner_app_dia_das_crianças,,26505,0,3231,0,2026-10-10 20:35:41
1667691314572-01,2026-10-10T00:48:39.4403012+00:00,16334,Encantech Shop,loyalt,Faturado,APP,app_barra_de_busca,app_barra_de_busca,,15900,0,434,0,2026-10-10 20:35:42
1667691314569-01,2026-10-10T00:45:19.6027982+00:00,23104,WebContinental Marketplace,webcontinentalmktplace,Faturado,INAPP,INAPP,inapp_saldo_extra150926,,19889,0,3215,0,2026-10-10 20:35:42
1667691314566-02,2026-10-10T00:44:04.3908222+00:00,17143,Philco,Philco,Pagamento Aprovado,APP,banner_app_dia_das_crianças,banner_app_dia_das_crianças,,14989,0,2154,0,2026-10-10 20:35:42
1667691314566-01,2026-10-10T00:44:04.3906570+00:00,15924,MMPlace,compreja,Faturado,APP,banner_app_dia_das_crianças,banner_app_dia_das_crianças,,14442,0,1482,0,2026-10-10 20:35:42
1667691314564-01,2026-10-10T00:42:57.7461051+00:00,18980,Electrolux,electrolux,Pagamento Aprovado,APP,ver_todos_app,2026_03_18_ver_todos_app,,17990,0,990,0,2026-10-10 20:35:42
1667691314564-02,2026-10-10T00:42:57.7462443+00:00,3545,Indiana,farmaciaindiana,Faturado,APP,ver_todos_app,2026_03_18_ver_todos_app,,2699,0,846,0,2026-10-10 20:35:42
1667691314561-01,2026-10-10T00:39:59.8197295+00:00,4331,Indiana,farmaciaindiana,Pagamento Aprovado,APP,app_barra_de_busca,app_barra_de_busca,,3498,0,833,0,2026-10-10 20:35:43
1667691314557-01,2026-10-10T00:35:55.2867010+00:00,156890,Electrolux,electrolux,Pagamento Aprovado,APP,banner_app,banner_gif_tvs_app,,152900,0,3990,0,2026-10-10 20:35:43
1667691314554-01,2026-10-10T00:30:18.4767298+00:00,54810,WebContinental Marketplace,webcontinentalmktplace,Pagamento Aprovado,INAPP,INAPP,08102026INAPPESQUENTA,,43990,0,10820,0,2026-10-10 20:35:43
1667681314544-01,2026-10-10T00:25:13.7102362+00:00,97400,Armazém Circular,armazemcircular,Pagamento Aprovado,APP,banner_app,banner_cat_seminovos_app,,94900,0,2500,0,2026-10-10 20:35:43
1667681314542-01,2026-10-10T00:22:33.3278575+00:00,16878,Philco,Philco,Pagamento Aprovado,APP,banner_app,banner_cat_eletrodomesticos_app,,11990,0,4888,0,2026-10-10 20:35:44
1667681314541-01,2026-10-10T00:22:12.0536129+00:00,45118,WebContinental Marketplace,webcontinentalmktplace,Pagamento Aprovado,APP,banner_app,banner_cat_moveis_app,,26505,0,18613,0,2026-10-10 20:35:44
1667681314540-01,2026-10-10T00:21:18.7914573+00:00,23315,WebContinental Marketplace,webcontinentalmktplace,Pagamento Aprovado,APP,app_barra_de_busca,app_barra_de_busca,,19490,0,3825,0,2026-10-10 20:35:44
1667681314539-01,2026-10-10T00:20:40.1007680+00:00,23280,We Connect,funstock,Pagamento Aprovado,APP,banner_app,banner_cat_moveis_app,,19990,0,3290,0,2026-10-10 20:35:44
1667681314538-01,2026-10-10T00:20:24.6416789+00:00,15785,Philco,Philco,Pagamento Aprovado,APP,ver_todos_app,2026_03_18_ver_todos_app,,13990,0,1795,0,2026-10-10 20:35:44
1667681314535-01,2026-10-10T00:18:34.0888807+00:00,193890,Electrolux,electrolux,Faturado,APP,app_barra_de_busca,app_barra_de_busca,,189900,0,3990,0,2026-10-10 20:35:44
1667681314534-01,2026-10-10T00:18:00.9433194+00:00,20992,WebContinental Marketplace,webcontinentalmktplace,Pagamento Aprovado,APP,app_barra_de_busca,app_barra_de_busca,,18553,0,2439,0,2026-10-10 20:35:45
1667681314530-01,2026-10-10T00:15:36.5165251+00:00,11042,WebContinental Marketplace,webcontinentalmktplace,Pagamento Aprovado,APP,banner_app,banner_cat_seminovos_app,,7990,0,3052,0,2026-10-10 20:35:45
1667681314520-01,2026-10-10T00:03:28.2178155+00:00,15012,WebContinental Marketplace,webcontinentalmktplace,Faturado,APP,banner_app_dia_das_crianças,banner_app_dia_das_crianças,,13921,0,1091,0,2026-10-10 20:35:45
1667681314511-01,2026-10-09T23:49:36.0060385+00:00,100948,Encantech Shop,loyalt,Faturado,APP,banner_app,banner_gif_tvs_app,,99889,0,1059,0,2026-10-10 20:35:45
1667681314510-01,2026-10-09T23:36:45.0025199+00:00,21089,Electrolux,electrolux,Faturado,APP,app_barra_de_busca,app_barra_de_busca,,17990,0,3099,0,2026-10-10 20:35:45
1667681314509-01,2026-10-09T23:35:23.7952045+00:00,22841,Philco,Philco,Pagamento Aprovado,APP,banner_app_dia_das_crianças,banner_app_dia_das_crianças,,17990,0,4851,0,2026-10-10 20:35:45
1667681314508-01,2026-10-09T23:31:46.1505549+00:00,15822,Encantech Shop,loyalt,Pagamento Aprovado,APP,banner_app_dia_das_crianças,banner_app_dia_das_crianças,,13587,0,2235,0,2026-10-10 20:35:46
1667671314497-01,2026-10-09T23:19:46.8263934+00:00,26829,Philco,Philco,Pagamento Aprovado,APP,banner_app,banner_cat_eletroportateis_app,,24990,0,1839,0,2026-10-10 20:35:46
1667671314496-01,2026-10-09T23:10:53.7683272+00:00,43571,Eurenovo,eurenovo,Pagamento Aprovado,PUSH,	PUSH,09102026PUSHHOME,,41671,0,1900,0,2026-10-10 20:35:46
1667671314495-01,2026-10-09T23:10:33.2134868+00:00,16784,Philco,Philco,Pagamento Aprovado,APP,banner_app,banner_gif_tvs_app,,14989,0,1795,0,2026-10-10 20:35:46
1667671314493-01,2026-10-09T23:09:32.8053524+00:00,142280,Pneu Barato,pneubarato,Pagamento Aprovado,APP,app_barra_de_busca,app_barra_de_busca,,128888,0,13392,0,2026-10-10 20:35:46
1667671314492-01,2026-10-09T23:09:18.0106187+00:00,60632,Encantech Shop,loyalt,Pagamento Aprovado,APP,ver_todos_app,2026_03_18_ver_todos_app,,57900,0,2732,0,2026-10-10 20:35:46
1667671314491-01,2026-10-09T23:08:24.1397378+00:00,16505,WebContinental Marketplace,webcontinentalmktplace,Faturado,APP,app_barra_de_busca,app_barra_de_busca,,14300,0,2205,0,2026-10-10 20:35:46
1667671314489-01,2026-10-09T23:05:49.9717405+00:00,84980,Multiloja,multilojaonline,Faturado,APP,ver_todos_app,2026_03_18_ver_todos_app,,76990,0,7990,0,2026-10-10 20:35:47
1667671314483-01,2026-10-09T22:55:52.2358020+00:00,6645,MiniPreço,minipreco,Pagamento Aprovado,APP,app_barra_de_busca,app_barra_de_busca,,5394,0,1251,0,2026-10-10 20:35:47
1667671314483-02,2026-10-09T22:55:52.2360500+00:00,27888,WebContinental Marketplace,webcontinentalmktplace,Faturado,APP,app_barra_de_busca,app_barra_de_busca,,22596,0,5292,0,2026-10-10 20:35:47
1667671314482-01,2026-10-09T22:55:15.9270974+00:00,202998,Madesa,madesa,Pagamento Aprovado,APP,app_barra_de_busca,app_barra_de_busca,,189999,0,12999,0,2026-10-10 20:35:47
1667671314480-01,2026-10-09T22:53:53.9643517+00:00,151741,WebContinental Marketplace,webcontinentalmktplace,Pagamento Aprovado,,,,,118692,0,33049,0,2026-10-10 20:35:47
1667671314480-02,2026-10-09T22:53:53.9644986+00:00,64182,Multiloja,multilojaonline,Pagamento Aprovado,,,,,50990,0,13192,0,2026-10-10 20:35:48
1667671314479-01,2026-10-09T22:52:25.6426013+00:00,12208,Encantech Shop,loyalt,Pagamento Aprovado,APP,banner_app,banner_cat_eletrodomesticos_app,,9490,0,2718,0,2026-10-10 20:35:48
1667671314471-01,2026-10-09T22:34:03.1965464+00:00,76518,Encantech Shop,loyalt,Pagamento Pendente,APP,banner_app,banner_gif_celulares_app,,75900,0,618,0,2026-10-10 20:35:48
1667671314470-01,2026-10-09T22:32:53.8623644+00:00,47198,Philco,Philco,Pagamento Aprovado,PUSH,	PUSH,06102026EXTRA,,39990,0,7208,0,2026-10-10 20:35:48
1667661314463-01,2026-10-09T22:26:26.0681832+00:00,71932,Madesa,madesa,Pagamento Aprovado,APP,ver_todos_app,2026_03_18_ver_todos_app,,63999,0,7933,0,2026-10-10 20:35:48
1667661314459-01,2026-10-09T22:21:21.0374524+00:00,50449,Multiloja,multilojaonline,Faturado,APP,ver_todos_app,2026_03_18_ver_todos_app,,39990,0,10459,0,2026-10-10 20:35:48
1667661314457-01,2026-10-09T22:14:35.9958126+00:00,18925,WebContinental Marketplace,webcontinentalmktplace,Pagamento Aprovado,APP,app_barra_de_busca,app_barra_de_busca,,16900,0,2025,0,2026-10-10 20:35:49
1667661314455-01,2026-10-09T22:09:19.9968114+00:00,9340,Farma Conde,farmaconde,Faturado,APP,ver_todos_app,2026_03_18_ver_todos_app,,8967,0,373,0,2026-10-10 20:35:49
1667661314454-01,2026-10-09T22:04:48.2821818+00:00,10905,WebContinental Marketplace,webcontinentalmktplace,Pagamento Aprovado,APP,app_barra_de_busca,app_barra_de_busca,,6299,0,4606,0,2026-10-10 20:35:49
1667661314453-01,2026-10-09T22:00:09.9089223+00:00,9297,WebContinental Marketplace,webcontinentalmktplace,Faturado,APP,banner_app_dia_das_crianças,banner_app_dia_das_crianças,,6441,0,2856,0,2026-10-10 20:35:49
1667661314452-01,2026-10-09T21:57:47.0949437+00:00,111892,Encantech Shop,loyalt,Faturado,APP,banner_app,banner_gif_celulares_app,,110700,0,1192,0,2026-10-10 20:35:49
1667661314450-01,2026-10-09T21:51:11.9543863+00:00,59408,Encantech Shop,loyalt,Faturado,APP,banner_app,banner_cat_seminovos_app,,57900,0,1508,0,2026-10-10 20:35:49
1667661314449-01,2026-10-09T21:49:14.9741477+00:00,10600,Encantech Shop,loyalt,Pagamento Aprovado,APP,app_barra_de_busca,app_barra_de_busca,,9900,0,700,0,2026-10-10 20:35:50
1667661314447-01,2026-10-09T21:44:11.9560457+00:00,16692,Bumerang Brinquedos,bumerangbrinquedos,Pagamento Aprovado,APP,banner_app_dia_das_crianças,banner_app_dia_das_crianças,,14499,0,2193,0,2026-10-10 20:35:50
1667661314442-01,2026-10-09T21:43:15.3700408+00:00,10239,Indiana,farmaciaindiana,Faturado,APP,banner_app_dia_das_crianças,banner_app_dia_das_crianças,,9535,0,704,0,2026-10-10 20:35:50
1667661314442-05,2026-10-09T21:43:15.3705984+00:00,8670,Encantech Shop,loyalt,Pagamento Aprovado,APP,banner_app_dia_das_crianças,banner_app_dia_das_crianças,,7180,0,1490,0,2026-10-10 20:35:50
1667661314442-03,2026-10-09T21:43:15.3703887+00:00,4827,Fmiligrama,miligrama,Pagamento Aprovado,APP,banner_app_dia_das_crianças,banner_app_dia_das_crianças,,3675,0,1152,0,2026-10-10 20:35:50
1667661314442-04,2026-10-09T21:43:15.3704988+00:00,4578,WebContinental Marketplace,webcontinentalmktplace,Faturado,APP,banner_app_dia_das_crianças,banner_app_dia_das_crianças,,3528,0,1050,0,2026-10-10 20:35:50
1667661314442-02,2026-10-09T21:43:15.3702704+00:00,7479,Pense Farma,pensefarma,Faturado,APP,banner_app_dia_das_crianças,banner_app_dia_das_crianças,,5526,0,1953,0,2026-10-10 20:35:51
1667661314440-01,2026-10-09T21:38:31.5642750+00:00,221036,Encantech Shop,loyalt,Faturado,APP,banner_app,banner_cat_seminovos_app,,219900,0,1136,0,2026-10-10 20:35:51
1667661314439-01,2026-10-09T21:31:40.5424896+00:00,25207,Loja Taiff,lojataiff2,Faturado,APP,app_barra_de_busca,app_barra_de_busca,,23990,0,1217,0,2026-10-10 20:35:51
1667651314438-01,2026-10-09T21:29:21.9648821+00:00,14983,Casa do Inox,casadoinox2,Pagamento Aprovado,APP,banner_app_dia_das_crianças,banner_app_dia_das_crianças,,11990,0,2993,0,2026-10-10 20:35:51
1667651314437-01,2026-10-09T21:28:33.4676712+00:00,60567,Philco,Philco,Pagamento Aprovado,APP,app_barra_de_busca,app_barra_de_busca,,51990,0,8577,0,2026-10-10 20:35:51
1667651314433-02,2026-10-09T21:26:00.3516005+00:00,38739,WebContinental Marketplace,webcontinentalmktplace,Pagamento Aprovado,INAPP,INAPP,08102026INAPPESQUENTA,,26739,0,12000,0,2026-10-10 20:35:52
1667651314433-02,2026-10-09T21:26:00.3516005+00:00,38739,WebContinental Marketplace,webcontinentalmktplace,Pagamento Aprovado,INAPP,INAPP,08102026INAPPESQUENTA,,26739,0,12000,0,2026-10-10 20:35:52
1667651314432-01,2026-10-09T21:24:59.1965479+00:00,112336,Encantech Shop,loyalt,Pagamento Pendente,APP,banner_app,banner_gif_celulares_app,,110700,0,1636,0,2026-10-10 20:35:52
1667651314431-01,2026-10-09T21:23:35.4896437+00:00,83252,Encantech Shop,loyalt,Pagamento Aprovado,APP,app_barra_de_busca,app_barra_de_busca,,79980,0,3272,0,2026-10-10 20:35:53
1667651314428-01,2026-10-09T21:21:34.2542428+00:00,29036,We Connect,funstock,Pagamento Aprovado,APP,app_barra_de_busca,app_barra_de_busca,,25490,0,3546,0,2026-10-10 20:35:53
1667651314417-01,2026-10-09T21:13:41.3900382+00:00,46980,Multiloja,multilojaonline,Pagamento Aprovado,APP,app_barra_de_busca,app_barra_de_busca,,39990,0,6990,0,2026-10-10 20:35:54
1667651314409-01,2026-10-09T20:57:23.3185648+00:00,11409,Encantech Shop,loyalt,Pagamento Aprovado,APP,ver_todos_app,2026_03_18_ver_todos_app,,10900,0,509,0,2026-10-10 20:35:54
1667651314406-01,2026-10-09T20:56:23.0714241+00:00,10716,WebContinental Marketplace,webcontinentalmktplace,Faturado,APP,app_barra_de_busca,app_barra_de_busca,,6718,0,3998,0,2026-10-10 20:35:54
1667651314404-01,2026-10-09T20:55:02.7562493+00:00,163815,Philco,Philco,Pagamento Aprovado,APP,banner_app,banner_gif_celulares_app,,159990,0,3825,0,2026-10-10 20:35:54
1667651314402-01,2026-10-09T20:50:20.0393958+00:00,46281,Loja Taiff,lojataiff2,Faturado,APP,app_barra_de_busca,app_barra_de_busca,,44999,0,1282,0,2026-10-10 20:35:54
1667651314398-01,2026-10-09T20:44:55.0339714+00:00,112884,WebContinental Marketplace,webcontinentalmktplace,Faturado,,,,,99889,0,12995,0,2026-10-10 20:35:55
1667641314392-01,2026-10-09T20:29:26.6267115+00:00,117215,Encantech Shop,loyalt,Pagamento Aprovado,APP,banner_app,banner_gif_celulares_app,,116555,0,660,0,2026-10-10 20:35:55
1667641314388-01,2026-10-09T20:14:06.7384320+00:00,51980,Electrolux,electrolux,Pagamento Aprovado,APP,app_barra_de_busca,app_barra_de_busca,,50990,0,990,0,2026-10-10 20:35:56
1667641314385-01,2026-10-09T20:13:23.2975030+00:00,129600,Armazém Circular,armazemcircular,Pagamento Aprovado,APP,banner_app,banner_gif_celulares_app,,127100,0,2500,0,2026-10-10 20:35:56
1667641314380-01,2026-10-09T20:06:45.3433284+00:00,26548,Multiloja,multilojaonline,Faturado,APP,app_barra_de_busca,app_barra_de_busca,,19990,0,6558,0,2026-10-10 20:35:56
1667641314379-01,2026-10-09T19:55:25.0613672+00:00,29752,WebContinental Marketplace,webcontinentalmktplace,Pagamento Aprovado,APP,app_barra_de_busca,app_barra_de_busca,,25647,0,4105,0,2026-10-10 20:35:57
1667641314375-01,2026-10-09T19:35:58.2648516+00:00,24000,WebContinental Marketplace,webcontinentalmktplace,Faturado,APP,app_barra_de_busca,app_barra_de_busca,,21725,0,2275,0,2026-10-10 20:35:57
1667641314373-01,2026-10-09T19:31:55.0472806+00:00,14885,WebContinental Marketplace,webcontinentalmktplace,Faturado,APP,banner_app,banner_cat_eletroportateis_app,,13570,0,1315,0,2026-10-10 20:35:58
1667631314366-01,2026-10-09T19:15:49.2801021+00:00,15516,Pense Farma,pensefarma,Pagamento Aprovado,APP,ver_todos_app,2026_03_18_ver_todos_app,,13556,0,1960,0,2026-10-10 20:35:58
1667631314366-02,2026-10-09T19:15:49.2803413+00:00,23766,Encantech Shop,loyalt,Pagamento Aprovado,APP,ver_todos_app,2026_03_18_ver_todos_app,,23766,0,0,0,2026-10-10 20:35:58
1667631314365-01,2026-10-09T19:15:25.9908350+00:00,247372,Encantech Shop,loyalt,Pagamento Aprovado,APP,app_barra_de_busca,app_barra_de_busca,,244900,0,2472,0,2026-10-10 20:35:58
1667631314360-01,2026-10-09T19:09:28.9360454+00:00,9661,Bumerang Brinquedos,bumerangbrinquedos,Pagamento Aprovado,APP,banner_app_dia_das_crianças,banner_app_dia_das_crianças,,7999,0,1662,0,2026-10-10 20:35:58
1667631314359-01,2026-10-09T19:08:29.0271505+00:00,7417,Indiana,farmaciaindiana,Pagamento Aprovado,APP,app_barra_de_busca,app_barra_de_busca,,6390,0,1027,0,2026-10-10 20:35:58
1667631314358-01,2026-10-09T19:07:50.9757773+00:00,142139,Philco,Philco,Pagamento Pendente,APP,ver_todos_app,2026_03_18_ver_todos_app,,139990,0,2149,0,2026-10-10 20:35:58
1667631314357-01,2026-10-09T19:05:54.6459237+00:00,41190,WebContinental Marketplace,webcontinentalmktplace,Pagamento Aprovado,APP,app_barra_de_busca,app_barra_de_busca,,39990,0,1200,0,2026-10-10 20:35:59
1667631314353-01,2026-10-09T19:03:43.9963988+00:00,28256,WebContinental,webcontinental,Faturado,APP,app_barra_de_busca,app_barra_de_busca,,22654,0,5602,0,2026-10-10 20:35:59
1667631314352-01,2026-10-09T18:57:50.5084346+00:00,76428,Encantech Shop,loyalt,Pagamento Aprovado,APP,banner_app,banner_gif_celulares_app,,75900,0,528,0,2026-10-10 20:35:59
1667631314347-01,2026-10-09T18:44:52.0546772+00:00,11575,Encantech Shop,loyalt,Pagamento Aprovado,APP,ver_todos_app,2026_03_18_ver_todos_app,,11100,0,475,0,2026-10-10 20:35:59
1667631314345-01,2026-10-09T18:34:08.6140022+00:00,54580,Multiloja,multilojaonline,Pagamento Aprovado,APP,app_barra_de_busca,app_barra_de_busca,,47590,0,6990,0,2026-10-10 20:35:59
1667631314344-01,2026-10-09T18:33:34.2293018+00:00,128545,Encantech Shop,loyalt,Pagamento Aprovado,APP,ver_todos_app,2026_03_18_ver_todos_app,,126556,0,1989,0,2026-10-10 20:36:00
1667631314339-01,2026-10-09T18:30:56.3197968+00:00,362430,Philco,Philco,Pagamento Aprovado,APP,banner_app_aniversario,banner_app_aniversario,,349990,0,12440,0,2026-10-10 20:36:00
1667621314337-01,2026-10-09T18:29:47.0065421+00:00,12053,WebContinental Marketplace,webcontinentalmktplace,Pagamento Aprovado,APP,app_barra_de_busca,app_barra_de_busca,,8799,0,3254,0,2026-10-10 20:36:00
1667621314336-01,2026-10-09T18:29:33.0318093+00:00,18821,Multiloja,multilojaonline,Faturado,APP,app_barra_de_busca,app_barra_de_busca,,15990,0,2831,0,2026-10-10 20:36:00
1667621314335-01,2026-10-09T18:26:51.1557604+00:00,88304,WebContinental Marketplace,webcontinentalmktplace,Pagamento Aprovado,APP,app_barra_de_busca,app_barra_de_busca,,69990,0,18314,0,2026-10-10 20:36:00
1667621314334-01,2026-10-09T18:26:15.2766884+00:00,55198,Philco,Philco,Pagamento Aprovado,APP,app_barra_de_busca,app_barra_de_busca,,51990,0,3208,0,2026-10-10 20:36:00
1667621314333-01,2026-10-09T18:25:32.1128850+00:00,17800,WebContinental Marketplace,webcontinentalmktplace,Pagamento Aprovado,APP,app_barra_de_busca,app_barra_de_busca,,14670,0,3130,0,2026-10-10 20:36:00
1667621314330-01,2026-10-09T18:15:49.6005158+00:00,32933,Encantech Shop,loyalt,Faturado,APP,app_barra_de_busca,app_barra_de_busca,,32206,0,727,0,2026-10-10 20:36:01
1667621314327-01,2026-10-09T18:12:42.8435090+00:00,31186,MiniPreço,minipreco,Pagamento Aprovado,APP,banner_app,banner_cat_moveis_app,,28991,0,2195,0,2026-10-10 20:36:01
1667621314326-01,2026-10-09T18:12:17.9286472+00:00,19600,Electrolux,electrolux,Faturado,APP,banner_app_dia_das_crianças,banner_app_dia_das_crianças,,17990,0,1610,0,2026-10-10 20:36:01
1667621314324-01,2026-10-09T18:09:53.9064011+00:00,18980,Electrolux,electrolux,Faturado,APP,banner_app,banner_cat_seminovos_app,,17990,0,990,0,2026-10-10 20:36:01
1667621314318-03,2026-10-09T18:03:13.6895315+00:00,34305,WebContinental Marketplace,webcontinentalmktplace,Pagamento Aprovado,APP,app_barra_de_busca,app_barra_de_busca,,29390,0,4915,0,2026-10-10 20:36:01
1667621314318-02,2026-10-09T18:03:13.6893914+00:00,2419,Indiana,farmaciaindiana,Pagamento Aprovado,APP,app_barra_de_busca,app_barra_de_busca,,1759,0,660,0,2026-10-10 20:36:02
1667621314318-01,2026-10-09T18:03:13.6891472+00:00,5977,Farma Conde,farmaconde,Faturado,APP,app_barra_de_busca,app_barra_de_busca,,4899,0,1078,0,2026-10-10 20:36:02
1667621314316-01,2026-10-09T18:01:11.8926740+00:00,76518,Encantech Shop,loyalt,Faturado,APP,banner_app_dia_das_crianças,banner_app_dia_das_crianças,,75900,0,618,0,2026-10-10 20:36:02
1667621314313-01,2026-10-09T17:56:45.5814138+00:00,15550,WebContinental Marketplace,webcontinentalmktplace,Pagamento Pendente,APP,ver_todos_app,2026_03_18_ver_todos_app,,12535,0,3015,0,2026-10-10 20:36:02
1667621314303-01,2026-10-09T17:42:58.2404858+00:00,25379,WebContinental Marketplace,webcontinentalmktplace,Faturado,PUSH,	PUSH,09102026PUSHELETRO249,,21990,0,3389,0,2026-10-10 20:36:02
1667621314295-02,2026-10-09T17:32:18.1989074+00:00,21208,We Connect,funstock,Pagamento Aprovado,APP,ver_todos_app,2026_03_18_ver_todos_app,,18790,0,2418,0,2026-10-10 20:36:03
1667621314295-01,2026-10-09T17:32:18.1987330+00:00,83167,Encantech Shop,loyalt,Faturado,APP,ver_todos_app,2026_03_18_ver_todos_app,,79700,0,3467,0,2026-10-10 20:36:03
1667611314280-01,2026-10-09T17:10:05.7820186+00:00,8658,WebContinental Marketplace,webcontinentalmktplace,Faturado,APP,ver_todos_app,2026_03_18_ver_todos_app,,5558,0,3100,0,2026-10-10 20:36:04
1667611314278-01,2026-10-09T17:07:18.0688533+00:00,41899,WebContinental,webcontinental,Faturado,,,,,35900,0,5999,0,2026-10-10 20:36:04
1667611314277-01,2026-10-09T17:06:54.6023309+00:00,77774,WebContinental Marketplace,webcontinentalmktplace,Faturado,APP,ver_todos_app,2026_03_18_ver_todos_app,,68399,0,9375,0,2026-10-10 20:36:04
1667611314274-02,2026-10-09T17:05:38.4312846+00:00,7859,WebContinental Marketplace,webcontinentalmktplace,Pagamento Aprovado,APP,ver_todos_app,2026_03_18_ver_todos_app,,5900,0,1959,0,2026-10-10 20:36:04
1667611314274-01,2026-10-09T17:05:38.4310039+00:00,12228,Encantech Shop,loyalt,Faturado,APP,ver_todos_app,2026_03_18_ver_todos_app,,11505,0,723,0,2026-10-10 20:36:04
1667611314272-01,2026-10-09T17:04:48.5296503+00:00,22547,Encantech Shop,loyalt,Faturado,INAPP,INAPP,inapp_saldo_extra150926,,21800,0,747,0,2026-10-10 20:36:04
1667611314271-01,2026-10-09T17:03:45.9459147+00:00,65314,WebContinental Marketplace,webcontinentalmktplace,Faturado,APP,app_barra_de_busca,app_barra_de_busca,,55710,0,9604,0,2026-10-10 20:36:05
1667611314269-01,2026-10-09T16:55:49.2502106+00:00,167360,Philco,Philco,Faturado,,,,,159990,0,7370,0,2026-10-10 20:36:05
1667611314261-01,2026-10-09T16:32:59.5497421+00:00,203370,MMPlace,compreja,Faturado,APP,ver_todos_app,2026_03_18_ver_todos_app,,199920,0,3450,0,2026-10-10 20:36:05
1667611314260-01,2026-10-09T16:32:18.4362485+00:00,31157,WebContinental Marketplace,webcontinentalmktplace,Pagamento Aprovado,APP,banner_app,banner_cat_moveis_app,,22871,0,8286,0,2026-10-10 20:36:05
1667601314256-01,2026-10-09T16:27:44.2950974+00:00,10614,Encantech Shop,loyalt,Pagamento Aprovado,APP,app_barra_de_busca,app_barra_de_busca,,9024,0,1590,0,2026-10-10 20:36:05
1667601314253-01,2026-10-09T16:23:17.8436676+00:00,17528,Encantech Shop,loyalt,Faturado,APP,app_barra_de_busca,app_barra_de_busca,,17000,0,528,0,2026-10-10 20:36:06
1667601314251-01,2026-10-09T16:15:06.1092222+00:00,15774,WebContinental Marketplace,webcontinentalmktplace,Faturado,APP,ver_todos_app,2026_03_18_ver_todos_app,,13700,0,2074,0,2026-10-10 20:36:06
1667601314246-01,2026-10-09T16:08:38.0517475+00:00,40029,Philco,Philco,Faturado,PUSH,	PUSH,09102026ESQUENTA1010,,37990,0,2039,0,2026-10-10 20:36:06
1667601314241-01,2026-10-09T15:57:05.1099145+00:00,51952,Encantech Shop,loyalt,Pagamento Aprovado,APP,banner_app,banner_gif_celulares_app,,50456,0,1496,0,2026-10-10 20:36:06
1667601314239-02,2026-10-09T15:56:48.6302014+00:00,195890,Electrolux,electrolux,Faturado,APP,banner_app,banner_cat_notebook_app,,189900,0,5990,0,2026-10-10 20:36:06
1667601314239-01,2026-10-09T15:56:48.6299472+00:00,54679,Philco,Philco,Faturado,APP,banner_app,banner_cat_notebook_app,,51990,0,2689,0,2026-10-10 20:36:06
1667601314237-01,2026-10-09T15:50:18.4960481+00:00,8649,Encantech Shop,loyalt,Faturado,APP,app_barra_de_busca,app_barra_de_busca,,8149,0,500,0,2026-10-10 20:36:07
1667601314233-01,2026-10-09T15:40:35.9090049+00:00,30427,Encantech Shop,loyalt,Pagamento Aprovado,APP,banner_app,banner_gif_celulares_app,,29899,0,528,0,2026-10-10 20:36:07
1667601314231-01,2026-10-09T15:40:25.4432998+00:00,48503,Encantech Shop,loyalt,Faturado,APP,ver_todos_app,2026_03_18_ver_todos_app,,45899,0,2604,0,2026-10-10 20:36:07
1667601314228-01,2026-10-09T15:36:23.5517601+00:00,40442,Philco,Philco,Faturado,APP,ver_todos_app,2026_03_18_ver_todos_app,,37990,0,2452,0,2026-10-10 20:36:07
1667601314227-01,2026-10-09T15:35:40.6901625+00:00,332546,Encantech Shop,loyalt,Pagamento Aprovado,APP,banner_app,banner_gif_tvs_app,,329900,0,2646,0,2026-10-10 20:36:07
1667601314226-01,2026-10-09T15:33:59.2341703+00:00,27799,WebContinental Marketplace,webcontinentalmktplace,Faturado,APP,ver_todos_app,2026_03_18_ver_todos_app,,22484,0,5315,0,2026-10-10 20:36:07
1667601314225-01,2026-10-09T15:32:32.7652902+00:00,16910,Encantech Shop,loyalt,Faturado,INAPP,INAPP,08102026INAPPESQUENTA,,15911,0,999,0,2026-10-10 20:36:08
1667601314224-01,2026-10-09T15:31:51.8356007+00:00,119252,Multiloja,multilojaonline,Faturado,APP,banner_app_dia_das_crianças,banner_app_dia_das_crianças,,109990,0,9262,0,2026-10-10 20:36:08
1667591314221-01,2026-10-09T15:27:50.0340391+00:00,64739,Direct Stock,lojapositivo,Pagamento Aprovado,APP,app_barra_de_busca,app_barra_de_busca,,64739,0,0,0,2026-10-10 20:36:09
1667591314220-01,2026-10-09T15:27:10.6076614+00:00,3568,WebContinental Marketplace,webcontinentalmktplace,Faturado,APP,app_barra_de_busca,app_barra_de_busca,,2379,0,1189,0,2026-10-10 20:36:09
1667591314217-01,2026-10-09T15:24:31.7647943+00:00,3507,WebContinental Marketplace,webcontinentalmktplace,Pagamento Aprovado,APP,banner_app,banner_cat_eletrodomesticos_app,,2379,0,1128,0,2026-10-10 20:36:09
1667591314217-02,2026-10-09T15:24:31.7650123+00:00,20108,We Connect,funstock,Faturado,APP,banner_app,banner_cat_eletrodomesticos_app,,16590,0,3518,0,2026-10-10 20:36:09
1667591314213-01,2026-10-09T15:15:32.4186864+00:00,116895,Multiloja,multilojaonline,Faturado,APP,app_barra_de_busca,app_barra_de_busca,,99990,0,16905,0,2026-10-10 20:36:09
1667591314211-01,2026-10-09T15:11:37.9255645+00:00,11426,Encantech Shop,loyalt,Faturado,APP,banner_app,banner_gif_celulares_app,,10900,0,526,0,2026-10-10 20:36:10
1667591314210-01,2026-10-09T15:10:08.1890639+00:00,36480,WebContinental Marketplace,webcontinentalmktplace,Pagamento Aprovado,APP,app_barra_de_busca,app_barra_de_busca,,33900,0,2580,0,2026-10-10 20:36:10
1667591314207-01,2026-10-09T15:01:45.1790968+00:00,18328,Encantech Shop,loyalt,Faturado,APP,banner_app,banner_cat_eletrodomesticos_app,,17800,0,528,0,2026-10-10 20:36:10
1667591314206-01,2026-10-09T15:00:43.3366418+00:00,170346,WebContinental Marketplace,webcontinentalmktplace,Pagamento Aprovado,APP,app_barra_de_busca,app_barra_de_busca,,156656,0,13690,0,2026-10-10 20:36:10
1667591314205-01,2026-10-09T14:59:52.3771723+00:00,22659,Philco,Philco,Faturado,APP,ver_todos_app,2026_03_18_ver_todos_app,,17990,0,4669,0,2026-10-10 20:36:10
1667591314203-01,2026-10-09T14:58:05.4454759+00:00,84513,WebContinental Marketplace,webcontinentalmktplace,Faturado,APP,app_barra_de_busca,app_barra_de_busca,,79235,0,5278,0,2026-10-10 20:36:10
1667591314201-01,2026-10-09T14:49:36.9260529+00:00,16910,Encantech Shop,loyalt,Faturado,APP,ver_todos_app,2026_03_18_ver_todos_app,,15911,0,999,0,2026-10-10 20:36:11
1667591314197-01,2026-10-09T14:42:03.1480674+00:00,9700,WebContinental Marketplace,webcontinentalmktplace,Faturado,APP,app_barra_de_busca,app_barra_de_busca,,6441,0,3259,0,2026-10-10 20:36:11
1667591314194-01,2026-10-09T14:40:01.1019337+00:00,16027,Encantech Shop,loyalt,Faturado,APP,ver_todos_app,2026_03_18_ver_todos_app,,15499,0,528,0,2026-10-10 20:36:11
1667591314192-01,2026-10-09T14:37:55.4252792+00:00,28857,We Connect,funstock,Faturado,APP,app_barra_de_busca,app_barra_de_busca,,23290,0,5567,0,2026-10-10 20:36:11
1667591314191-01,2026-10-09T14:36:47.2845867+00:00,52840,WebContinental Marketplace,webcontinentalmktplace,Pagamento Pendente,APP,app_barra_de_busca,app_barra_de_busca,,44990,0,7850,0,2026-10-10 20:36:11
1667581314189-01,2026-10-09T14:27:34.4708771+00:00,28871,Philco,Philco,Faturado,APP,app_barra_de_busca,app_barra_de_busca,,24990,0,3881,0,2026-10-10 20:36:11
1667581314188-01,2026-10-09T14:24:33.4486271+00:00,29992,MMPlace,compreja,Faturado,,,,,29992,0,0,0,2026-10-10 20:36:12
1667581314187-01,2026-10-09T14:21:18.1969579+00:00,36687,WebContinental Marketplace,webcontinentalmktplace,Faturado,APP,app_barra_de_busca,app_barra_de_busca,,31590,0,5097,0,2026-10-10 20:36:12
1667581314186-01,2026-10-09T14:17:30.9169350+00:00,50612,WebContinental Marketplace,webcontinentalmktplace,Faturado,APP,app_barra_de_busca,app_barra_de_busca,,47990,0,2622,0,2026-10-10 20:36:12
1667581314185-01,2026-10-09T14:15:30.1956788+00:00,11700,Encantech Shop,loyalt,Faturado,APP,app_barra_de_busca,app_barra_de_busca,,11100,0,600,0,2026-10-10 20:36:12
1667581314182-01,2026-10-09T14:14:51.4757404+00:00,198890,Electrolux,electrolux,Faturado,APP,banner_app,banner_cat_eletrodomesticos_app,,194900,0,3990,0,2026-10-10 20:36:12
1667581314180-01,2026-10-09T14:10:00.8392751+00:00,74774,Pneu Barato,pneubarato,Faturado,APP,app_barra_de_busca,app_barra_de_busca,,68116,0,6658,0,2026-10-10 20:36:13
1667581314179-01,2026-10-09T14:09:52.4215492+00:00,211432,Encantech Shop,loyalt,Pagamento Pendente,APP,banner_app,banner_gif_tvs_app,,207900,0,3532,0,2026-10-10 20:36:13
1667581314178-01,2026-10-09T14:05:46.9124997+00:00,23442,Philco,Philco,Faturado,APP,app_barra_de_busca,app_barra_de_busca,,20990,0,2452,0,2026-10-10 20:36:13
1667581314175-01,2026-10-09T14:03:15.8680627+00:00,16467,WebContinental Marketplace,webcontinentalmktplace,Faturado,APP,app_barra_de_busca,app_barra_de_busca,,13990,0,2477,0,2026-10-10 20:36:14
1667581314175-02,2026-10-09T14:03:15.8683122+00:00,14899,Encantech Shop,loyalt,Faturado,APP,app_barra_de_busca,app_barra_de_busca,,13658,0,1241,0,2026-10-10 20:36:14
1667581314174-01,2026-10-09T14:02:30.6183397+00:00,32980,Electrolux,electrolux,Faturado,APP,app_barra_de_busca,app_barra_de_busca,,31990,0,990,0,2026-10-10 20:36:14
1667581314171-01,2026-10-09T13:53:37.5307512+00:00,6889,Indiana,farmaciaindiana,Faturado,APP,banner_app,banner_cat_moveis_app,,5390,0,1499,0,2026-10-10 20:36:14
1667581314170-01,2026-10-09T13:50:46.5527343+00:00,37333,Encantech Shop,loyalt,Faturado,APP,app_barra_de_busca,app_barra_de_busca,,31747,0,5586,0,2026-10-10 20:36:14
1667581314168-01,2026-10-09T13:44:29.8927228+00:00,198890,Electrolux,electrolux,Pagamento Aprovado,APP,app_barra_de_busca,app_barra_de_busca,,194900,0,3990,0,2026-10-10 20:36:14
1667581314167-01,2026-10-09T13:44:12.6411315+00:00,16593,Electrolux,electrolux,Faturado,APP,app_barra_de_busca,app_barra_de_busca,,14990,0,1603,0,2026-10-10 20:36:15
1667581314164-01,2026-10-09T13:42:44.3344437+00:00,15419,Indiana,farmaciaindiana,Faturado,APP,ver_todos_app,2026_03_18_ver_todos_app,,14590,0,829,0,2026-10-10 20:36:15
1667581314161-01,2026-10-09T13:41:00.2192228+00:00,243546,Encantech Shop,loyalt,Pagamento Pendente,APP,banner_app,banner_gif_tvs_app,,239900,0,3646,0,2026-10-10 20:36:15
1667581314160-01,2026-10-09T13:30:35.9415470+00:00,23331,WebContinental Marketplace,webcontinentalmktplace,Faturado,APP,banner_app_dia_das_crianças,banner_app_dia_das_crianças,,19990,0,3341,0,2026-10-10 20:36:15
1667581314159-01,2026-10-09T13:30:09.1572753+00:00,5270,Guimepa,guimepa,Pagamento Pendente,PUSH,	PUSH,09102026ESQUENTA1010,,3690,0,1580,0,2026-10-10 20:36:15
1667571314156-01,2026-10-09T13:19:27.8714965+00:00,15399,WebContinental Marketplace,webcontinentalmktplace,Faturado,PUSH,	PUSH,09102026ESQUENTA1010,,9690,0,5709,0,2026-10-10 20:36:15
1667571314153-01,2026-10-09T13:09:19.8549436+00:00,33502,Encantech Shop,loyalt,Faturado,PUSH,PUSHPB,PUSHPB2209,,32900,0,602,0,2026-10-10 20:36:16
1667571314151-02,2026-10-09T13:08:56.9991140+00:00,12918,WebContinental Marketplace,webcontinentalmktplace,Pagamento Aprovado,APP,banner_app_dia_das_crianças,banner_app_dia_das_crianças,,10590,0,2328,0,2026-10-10 20:36:16
1667571314151-01,2026-10-09T13:08:56.9988889+00:00,6118,MiniPreço,minipreco,Pagamento Aprovado,APP,banner_app_dia_das_crianças,banner_app_dia_das_crianças,,3999,0,2119,0,2026-10-10 20:36:16
1667571314150-01,2026-10-09T13:02:59.2142394+00:00,38416,WebContinental Marketplace,webcontinentalmktplace,Faturado,PUSH,	PUSH,09102026ESQUENTA1010,,34990,0,3426,0,2026-10-10 20:36:16
1667571314149-01,2026-10-09T13:02:11.2536046+00:00,13573,WebContinental Marketplace,webcontinentalmktplace,Faturado,APP,app_barra_de_busca,app_barra_de_busca,,9429,0,4144,0,2026-10-10 20:36:16
1667571314147-01,2026-10-09T12:54:51.9678733+00:00,26829,Philco,Philco,Pagamento Aprovado,APP,ver_todos_app,2026_03_18_ver_todos_app,,24990,0,1839,0,2026-10-10 20:36:17
1667571314144-01,2026-10-09T12:53:18.5273437+00:00,17980,Electrolux,electrolux,Faturado,PUSH,PUSH,09102026ESQUENTA1010,,16990,0,990,0,2026-10-10 20:36:17
1667571314138-01,2026-10-09T12:46:13.6208134+00:00,83880,WebContinental Marketplace,webcontinentalmktplace,Pagamento Aprovado,APP,app_barra_de_busca,app_barra_de_busca,,79990,0,3890,0,2026-10-10 20:36:17
1667561314131-01,2026-10-09T12:18:07.5510389+00:00,33980,Electrolux,electrolux,Faturado,PUSH,	PUSH,09102026ESQUENTA1010,,32990,0,990,0,2026-10-10 20:36:17
1667561314119-01,2026-10-09T11:56:42.1553082+00:00,59932,Encantech Shop,loyalt,Faturado,APP,banner_app,banner_cat_moveis_app,,59024,0,908,0,2026-10-10 20:36:18
1667561314118-01,2026-10-09T11:51:55.3468891+00:00,57980,Multiloja,multilojaonline,Faturado,APP,app_barra_de_busca,app_barra_de_busca,,53990,0,3990,0,2026-10-10 20:36:18
1667561314116-02,2026-10-09T11:49:43.4414667+00:00,15328,MiniPreço,minipreco,Pagamento Aprovado,,produto,colecao_15_06_2026,,13990,0,1338,0,2026-10-10 20:36:18
1667561314116-01,2026-10-09T11:49:43.4411651+00:00,46998,Madesa,madesa,Faturado,,produto,colecao_15_06_2026,,42999,0,3999,0,2026-10-10 20:36:18
1667561314115-01,2026-10-09T11:44:21.3879447+00:00,18031,Philco,Philco,Faturado,APP,ver_todos_app,2026_03_18_ver_todos_app,,15990,0,2041,0,2026-10-10 20:36:19
1667561314113-01,2026-10-09T11:44:15.4472153+00:00,16816,Philco,Philco,Faturado,APP,app_barra_de_busca,app_barra_de_busca,,14990,0,1826,0,2026-10-10 20:36:19
1667561314113-02,2026-10-09T11:44:15.4473977+00:00,29911,Multiloja,multilojaonline,Faturado,APP,app_barra_de_busca,app_barra_de_busca,,25990,0,3921,0,2026-10-10 20:36:19
1667561314112-01,2026-10-09T11:41:56.8422929+00:00,71300,WebContinental Marketplace,webcontinentalmktplace,Faturado,APP,app_barra_de_busca,app_barra_de_busca,,71300,0,0,0,2026-10-10 20:36:19
1667561314109-01,2026-10-09T11:38:41.1286829+00:00,41190,WebContinental Marketplace,webcontinentalmktplace,Faturado,APP,app_barra_de_busca,app_barra_de_busca,,39990,0,1200,0,2026-10-10 20:36:19
1667561314107-01,2026-10-09T11:36:55.2491218+00:00,76543,WebContinental Marketplace,webcontinentalmktplace,Faturado,APP,app_barra_de_busca,app_barra_de_busca,,71185,0,5358,0,2026-10-10 20:36:19
1667551314094-01,2026-10-09T11:17:20.7146153+00:00,21291,Encantech Shop,loyalt,Faturado,APP,app_barra_de_busca,app_barra_de_busca,,19990,0,1301,0,2026-10-10 20:36:20
1667551314091-01,2026-10-09T11:06:30.2334513+00:00,14560,Encantech Shop,loyalt,Faturado,APP,app_barra_de_busca,app_barra_de_busca,,13900,0,660,0,2026-10-10 20:36:20
1667551314090-01,2026-10-09T11:03:09.8509886+00:00,45999,Madesa,madesa,Faturado,PUSH,	PUSH,08102026PUSHODQUINTA,,45999,0,0,0,2026-10-10 20:36:20
1667541314077-01,2026-10-09T10:26:54.5732107+00:00,102266,Encantech Shop,loyalt,Faturado,APP,banner_app,banner_gif_tvs_app,,99889,0,2377,0,2026-10-10 20:36:20
1667541314073-01,2026-10-09T10:13:58.3471761+00:00,71698,Eurenovo,eurenovo,Faturado,APP,banner_app,banner_gif_celulares_app,,69798,0,1900,0,2026-10-10 20:36:21
1667541314070-01,2026-10-09T09:39:23.1644496+00:00,85524,WebContinental Marketplace,webcontinentalmktplace,Faturado,APP,banner_app,banner_gif_celulares_app,,69900,0,15624,0,2026-10-10 20:36:21
1667541314069-01,2026-10-09T09:37:45.2050792+00:00,8545,Encantech Shop,loyalt,Pagamento Aprovado,APP,app_barra_de_busca,app_barra_de_busca,,7055,0,1490,0,2026-10-10 20:36:21
1667531314068-01,2026-10-09T09:22:09.7726420+00:00,51632,WebContinental Marketplace,webcontinentalmktplace,Pagamento Aprovado,APP,app_barra_de_busca,app_barra_de_busca,,39805,0,11827,0,2026-10-10 20:36:21
1667531314067-01,2026-10-09T08:47:24.5688090+00:00,62514,Philco,Philco,Faturado,APP,app_barra_de_busca,app_barra_de_busca,,57990,0,4524,0,2026-10-10 20:36:21
1667531314066-01,2026-10-09T08:35:07.1016097+00:00,41181,WebContinental Marketplace,webcontinentalmktplace,Faturado,APP,banner_app,banner_gif_celulares_app,,32980,0,8201,0,2026-10-10 20:36:21
1667511314065-01,2026-10-09T07:23:56.0453655+00:00,80806,Encantech Shop,loyalt,Faturado,APP,banner_app,banner_gif_celulares_app,,80116,0,690,0,2026-10-10 20:36:22
1667501314062-01,2026-10-09T06:20:03.1241643+00:00,18425,Indiana,farmaciaindiana,Pagamento Aprovado,APP,gif_celulares_aniversario,gif_celulares_aniversario,,17490,0,935,0,2026-10-10 20:36:22
1667491314057-01,2026-10-09T05:07:25.4605500+00:00,7349,MiniPreço,minipreco,Faturado,APP,app_barra_de_busca,app_barra_de_busca,,17879,0,2350,0,2026-10-10 20:36:22
1667491314056-01,2026-10-09T04:46:28.9649485+00:00,15018,Nutrify,nutrifyafter,Faturado,APP,app_barra_de_busca,app_barra_de_busca,,13600,0,1418,0,2026-10-10 20:36:22
1667491314055-01,2026-10-09T04:32:25.4499615+00:00,17456,Encantech Shop,loyalt,Faturado,APP,ver_todos_app,2026_03_18_ver_todos_app,,17000,0,456,0,2026-10-10 20:36:22
1667481314053-01,2026-10-09T04:23:13.0951836+00:00,16383,We Connect,funstock,Pagamento Aprovado,APP,banner_app_dia_das_crianças,banner_app_dia_das_crianças,,12590,0,3793,0,2026-10-10 20:36:22
1667481314053-02,2026-10-09T04:23:13.0953384+00:00,40529,WebContinental Marketplace,webcontinentalmktplace,Faturado,APP,banner_app_dia_das_crianças,banner_app_dia_das_crianças,,39349,0,1180,0,2026-10-10 20:36:23
1667481314052-01,2026-10-09T04:21:06.1615536+00:00,50088,Encantech Shop,loyalt,Faturado,,,,,49408,0,680,0,2026-10-10 20:36:24
1667481314048-02,2026-10-09T04:20:23.9136468+00:00,62280,WebContinental Marketplace,webcontinentalmktplace,Faturado,APP,app_barra_de_busca,app_barra_de_busca,,62280,0,0,0,2026-10-10 20:36:25
1667481314048-01,2026-10-09T04:20:23.9133268+00:00,9811,Electrolux,electrolux,Faturado,APP,app_barra_de_busca,app_barra_de_busca,,8990,0,821,0,2026-10-10 20:36:25
1667481314047-01,2026-10-09T04:19:07.5876347+00:00,39451,MiniPreço,minipreco,Pagamento Aprovado,APP,app_barra_de_busca,app_barra_de_busca,,36999,0,2452,0,2026-10-10 20:36:25
1667481314044-01,2026-10-09T04:15:12.4298079+00:00,24994,WebContinental Marketplace,webcontinentalmktplace,Faturado,APP,banner_app,banner_gif_celulares_app,,21990,0,3004,0,2026-10-10 20:36:25
1667481314039-01,2026-10-09T04:13:04.8928180+00:00,18753,WebContinental Marketplace,webcontinentalmktplace,Faturado,APP,ver_todos_app,2026_03_18_ver_todos_app,,15990,0,2763,0,2026-10-10 20:36:26
1667481314028-01,2026-10-09T04:03:24.0733015+00:00,23726,We Connect,funstock,Pagamento Aprovado,APP,banner_app,banner_cat_eletroportateis_app,,20890,0,2836,0,2026-10-10 20:36:26
1667481314020-01,2026-10-09T03:53:09.1720867+00:00,15654,Indiana,farmaciaindiana,Pagamento Aprovado,APP,app_barra_de_busca,app_barra_de_busca,,14869,0,785,0,2026-10-10 20:36:26
1667481314019-01,2026-10-09T03:52:48.0517603+00:00,66122,WebContinental,webcontinental,Faturado,APP,app_barra_de_busca,app_barra_de_busca,,52822,0,13300,0,2026-10-10 20:36:26
1667481314011-02,2026-10-09T03:34:34.9890966+00:00,101290,Eurenovo,eurenovo,Faturado,APP,app_barra_de_busca,app_barra_de_busca,,98900,0,2390,0,2026-10-10 20:36:26
1667481314011-01,2026-10-09T03:34:34.9888357+00:00,24638,Encantech Shop,loyalt,Faturado,APP,app_barra_de_busca,app_barra_de_busca,,23980,0,658,0,2026-10-10 20:36:26
1667471314007-01,2026-10-09T03:28:36.5581727+00:00,535478,Electrolux,electrolux,Pagamento Pendente,APP,ver_todos_app,2026_03_18_ver_todos_app,,509800,0,25678,0,2026-10-10 20:36:27
1667471313999-02,2026-10-09T03:13:31.5578901+00:00,12083,Encantech Shop,loyalt,Faturado,,,,,11590,0,493,0,2026-10-10 20:36:27
1667471313999-01,2026-10-09T03:13:31.5576130+00:00,20970,Electrolux,electrolux,Pagamento Aprovado,,,,,19980,0,990,0,2026-10-10 20:36:27
1667471313999-03,2026-10-09T03:13:31.5579980+00:00,15147,MMPlace,compreja,Faturado,,,,,13990,0,1157,0,2026-10-10 20:36:27
1667471313997-01,2026-10-09T03:09:30.5457639+00:00,123998,Multimóveis,multimoveis,Faturado,APP,app_barra_de_busca,app_barra_de_busca,,115999,0,7999,0,2026-10-10 20:36:27
1667471313996-01,2026-10-09T03:02:29.0533396+00:00,55229,Encantech Shop,loyalt,Faturado,APP,banner_app_dia_das_crianças,banner_app_dia_das_crianças,,53910,0,1319,0,2026-10-10 20:36:27
1667471313991-01,2026-10-09T02:57:05.1505926+00:00,8717,MiniPreço,minipreco,Pagamento Aprovado,APP,ver_todos_app,2026_03_18_ver_todos_app,,7196,0,1521,0,2026-10-10 20:36:27
1667471313990-01,2026-10-09T02:53:41.6666100+00:00,96201,Webfones,webfones,Faturado,APP,banner_app_dia_das_crianças,banner_app_dia_das_crianças,,89900,0,6301,0,2026-10-10 20:36:28
1667471313987-01,2026-10-09T02:37:48.6055309+00:00,188717,Encantech Shop,loyalt,Pagamento Aprovado,APP,banner_app,banner_cat_moveis_app,,185900,0,2817,0,2026-10-10 20:36:28
1667461313984-01,2026-10-09T02:29:15.4321000+00:00,39743,Philco,Philco,Faturado,PUSH,PUSHOVER,PUSHOVER0810,,35990,0,3753,0,2026-10-10 20:36:28
1667461313979-02,2026-10-09T02:18:33.9786360+00:00,10861,Indiana,farmaciaindiana,Pagamento Aprovado,APP,ver_todos_app,2026_03_18_ver_todos_app,,10047,0,814,0,2026-10-10 20:36:28
1667461313979-01,2026-10-09T02:18:33.9784214+00:00,32916,Encantech Shop,loyalt,Faturado,APP,ver_todos_app,2026_03_18_ver_todos_app,,31590,0,1326,0,2026-10-10 20:36:29
1667461313975-01,2026-10-09T02:15:33.2871072+00:00,35830,Tetrix,tetrix,Faturado,APP,banner_app,banner_cat_eletrodomesticos_app,,31990,0,3840,0,2026-10-10 20:36:29
1667461313975-02,2026-10-09T02:15:33.2873295+00:00,16925,Philco,Philco,Faturado,APP,banner_app,banner_cat_eletrodomesticos_app,,11990,0,4935,0,2026-10-10 20:36:29
1667461313970-03,2026-10-09T02:14:50.1157135+00:00,5835,WebContinental Marketplace,webcontinentalmktplace,Pagamento Aprovado,APP,banner_app,banner_cat_seminovos_app,,3285,0,2550,0,2026-10-10 20:36:29
1667461313970-01,2026-10-09T02:14:50.1153872+00:00,8023,MMPlace,compreja,Faturado,APP,banner_app,banner_cat_seminovos_app,,8023,0,0,0,2026-10-10 20:36:29
1667461313970-02,2026-10-09T02:14:50.1156060+00:00,8018,Encantech Shop,loyalt,Pagamento Aprovado,APP,banner_app,banner_cat_seminovos_app,,6990,0,1028,0,2026-10-10 20:36:29
1667461313969-01,2026-10-09T02:14:46.4243042+00:00,142337,Encantech Shop,loyalt,Pagamento Aprovado,APP,banner_app,banner_gif_tvs_app,,139900,0,2437,0,2026-10-10 20:36:30
1667461313963-01,2026-10-09T02:05:56.8134627+00:00,16205,WebContinental Marketplace,webcontinentalmktplace,Faturado,APP,app_barra_de_busca,app_barra_de_busca,,13990,0,2215,0,2026-10-10 20:36:30
1667461313961-02,2026-10-09T02:01:35.3273061+00:00,83880,WebContinental Marketplace,webcontinentalmktplace,Faturado,PUSH,	PUSH,08102026PUSHODQUINTA,,79990,0,3890,0,2026-10-10 20:36:30
1667461313961-01,2026-10-09T02:01:35.3271130+00:00,29785,Philco,Philco,Faturado,PUSH,	PUSH,08102026PUSHODQUINTA,,27990,0,1795,0,2026-10-10 20:36:30
1667461313960-01,2026-10-09T02:01:17.4366314+00:00,30980,Electrolux,electrolux,Faturado,APP,ver_todos_app,2026_03_18_ver_todos_app,,29990,0,990,0,2026-10-10 20:36:30
1667461313959-01,2026-10-09T01:51:36.7167716+00:00,141472,WebContinental Marketplace,webcontinentalmktplace,Faturado,PUSH,PUSHOVER,PUSHOVER0810,,112268,0,29204,0,2026-10-10 20:36:31
1667461313956-01,2026-10-09T01:48:20.8151474+00:00,79918,Multiloja,multilojaonline,Faturado,APP,app_barra_de_busca,app_barra_de_busca,,69990,0,9928,0,2026-10-10 20:36:31
1667461313955-01,2026-10-09T01:47:27.0912018+00:00,7871,WebContinental Marketplace,webcontinentalmktplace,Faturado,APP,banner_app,banner_cat_seminovos_app,,5409,0,2462,0,2026-10-10 20:36:31
1667461313954-01,2026-10-09T01:45:11.5199743+00:00,19093,WebContinental Marketplace,webcontinentalmktplace,Faturado,APP,app_barra_de_busca,app_barra_de_busca,,16900,0,2193,0,2026-10-10 20:36:31
1667461313953-01,2026-10-09T01:44:58.7509872+00:00,38285,WebContinental Marketplace,webcontinentalmktplace,Pagamento Pendente,APP,banner_app,banner_cat_seminovos_app,,35190,0,3095,0,2026-10-10 20:36:31
1667461313952-01,2026-10-09T01:44:52.4037257+00:00,25392,Philco,Philco,Faturado,,,,,19990,0,5402,0,2026-10-10 20:36:32
1667461313951-01,2026-10-09T01:42:43.8952617+00:00,79918,Multiloja,multilojaonline,Faturado,APP,app_barra_de_busca,app_barra_de_busca,,69990,0,9928,0,2026-10-10 20:36:32
1667461313950-01,2026-10-09T01:41:06.5563985+00:00,95081,Encantech Shop,loyalt,Pagamento Aprovado,APP,app_barra_de_busca,app_barra_de_busca,,95081,0,0,0,2026-10-10 20:36:32
1667461313949-01,2026-10-09T01:39:08.8155760+00:00,41190,WebContinental Marketplace,webcontinentalmktplace,Faturado,APP,app_barra_de_busca,app_barra_de_busca,,39990,0,1200,0,2026-10-10 20:36:32
1667461313946-01,2026-10-09T01:34:18.7386685+00:00,14339,WebContinental Marketplace,webcontinentalmktplace,Faturado,APP,banner_app_dia_das_crianças,banner_app_dia_das_crianças,,13921,0,418,0,2026-10-10 20:36:32
1667461313942-03,2026-10-09T01:31:33.7345310+00:00,20244,Loja Taiff,lojataiff2,Faturado,APP,banner_app,banner_cat_eletrodomesticos_app,,18990,0,1254,0,2026-10-10 20:36:32
1667461313942-01,2026-10-09T01:31:33.7341624+00:00,9980,Electrolux,electrolux,Faturado,APP,banner_app,banner_cat_eletrodomesticos_app,,8990,0,990,0,2026-10-10 20:36:33
1667461313942-02,2026-10-09T01:31:33.7344112+00:00,7670,WebContinental Marketplace,webcontinentalmktplace,Pagamento Aprovado,APP,banner_app,banner_cat_eletrodomesticos_app,,5534,0,2136,0,2026-10-10 20:36:33
1667461313941-01,2026-10-09T01:31:09.4298226+00:00,13001,WebContinental Marketplace,webcontinentalmktplace,Faturado,APP,app_barra_de_busca,app_barra_de_busca,,10990,0,2011,0,2026-10-10 20:36:33
1667451313940-01,2026-10-09T01:29:33.0365079+00:00,17751,Bumerang Brinquedos,bumerangbrinquedos,Faturado,APP,banner_app_dia_das_crianças,banner_app_dia_das_crianças,,15998,0,1753,0,2026-10-10 20:36:33
1667451313939-01,2026-10-09T01:28:16.6355529+00:00,22410,WebContinental Marketplace,webcontinentalmktplace,Faturado,APP,app_barra_de_busca,app_barra_de_busca,,14990,0,7420,0,2026-10-10 20:36:33
1667451313938-01,2026-10-09T01:25:38.5971460+00:00,12247,Encantech Shop,loyalt,Faturado,APP,app_barra_de_busca,app_barra_de_busca,,11768,0,479,0,2026-10-10 20:36:34
1667451313937-01,2026-10-09T01:25:23.3725950+00:00,40453,Encantech Shop,loyalt,Pagamento Aprovado,PUSH,	PUSH,07102026PUSHOVERQUARTA,,36980,0,3473,0,2026-10-10 20:36:34
1667451313935-01,2026-10-09T01:20:22.6168232+00:00,28985,WebContinental Marketplace,webcontinentalmktplace,Faturado,APP,ver_todos_app,2026_03_18_ver_todos_app,,19990,0,8995,0,2026-10-10 20:36:34
1667451313934-01,2026-10-09T01:20:18.8400784+00:00,34107,Philco,Philco,Faturado,APP,banner_app_dia_das_crianças,banner_app_dia_das_crianças,,31990,0,2117,0,2026-10-10 20:36:35
1667451313929-01,2026-10-09T01:12:28.3859968+00:00,31960,WebContinental Marketplace,webcontinentalmktplace,Faturado,APP,banner_app,banner_gif_celulares_app,,29900,0,2060,0,2026-10-10 20:36:35
1667451313927-01,2026-10-09T01:06:36.0257335+00:00,336980,Multiloja,multilojaonline,Faturado,APP,app_barra_de_busca,app_barra_de_busca,,332990,0,3990,0,2026-10-10 20:36:35
1667451313919-01,2026-10-09T00:54:01.5520062+00:00,25851,WebContinental Marketplace,webcontinentalmktplace,Faturado,APP,banner_app_dia_das_crianças,banner_app_dia_das_crianças,,21990,0,3861,0,2026-10-10 20:36:35
1667451313918-01,2026-10-09T00:52:34.5937744+00:00,110428,Encantech Shop,loyalt,Pagamento Pendente,APP,banner_app,banner_gif_celulares_app,,109900,0,528,0,2026-10-10 20:36:36
1667451313915-01,2026-10-09T00:46:53.0399317+00:00,37448,Philco,Philco,Faturado,APP,ver_todos_app,2026_03_18_ver_todos_app,,34990,0,2458,0,2026-10-10 20:36:36
1667451313915-03,2026-10-09T00:46:53.0401685+00:00,10516,Encantech Shop,loyalt,Faturado,APP,ver_todos_app,2026_03_18_ver_todos_app,,10149,0,367,0,2026-10-10 20:36:36
1667451313915-02,2026-10-09T00:46:53.0400769+00:00,86730,WebContinental Marketplace,webcontinentalmktplace,Faturado,APP,ver_todos_app,2026_03_18_ver_todos_app,,81230,0,5500,0,2026-10-10 20:36:36
1667451313913-01,2026-10-09T00:43:41.7833216+00:00,80871,Encantech Shop,loyalt,Faturado,APP,app_barra_de_busca,app_barra_de_busca,,80116,0,755,0,2026-10-10 20:36:36
1667451313911-01,2026-10-09T00:42:24.1779243+00:00,9980,Electrolux,electrolux,Pagamento Aprovado,PUSH,	PUSH,08102026PUSHODQUINTA,,8990,0,990,0,2026-10-10 20:36:39
1667451313910-01,2026-10-09T00:38:10.0447102+00:00,19561,WebContinental Marketplace,webcontinentalmktplace,Faturado,APP,app_barra_de_busca,app_barra_de_busca,,15999,0,3562,0,2026-10-10 20:36:39
1667451313909-01,2026-10-09T00:37:09.1631320+00:00,25239,Philco,Philco,Faturado,APP,app_barra_de_busca,app_barra_de_busca,,22990,0,2249,0,2026-10-10 20:36:39
1667451313908-01,2026-10-09T00:36:14.7010274+00:00,79079,WebContinental Marketplace,webcontinentalmktplace,Pagamento Aprovado,APP,app_barra_de_busca,app_barra_de_busca,,59300,0,19779,0,2026-10-10 20:36:39
1667451313907-01,2026-10-09T00:31:06.9921443+00:00,9236,WebContinental Marketplace,webcontinentalmktplace,Faturado,APP,app_barra_de_busca,app_barra_de_busca,,6430,0,2806,0,2026-10-10 20:36:39
1667441313906-01,2026-10-09T00:29:57.4967990+00:00,15497,Philco,Philco,Faturado,INAPP,INAPP,060326CELULAR,,13990,0,1507,0,2026-10-10 20:36:40
1667441313903-01,2026-10-09T00:26:59.9949114+00:00,18974,WebContinental Marketplace,webcontinentalmktplace,Faturado,APP,app_barra_de_busca,app_barra_de_busca,,18421,0,553,0,2026-10-10 20:36:40
1667441313902-01,2026-10-09T00:22:41.1630861+00:00,31437,Encantech Shop,loyalt,Faturado,APP,app_barra_de_busca,app_barra_de_busca,,27811,0,3626,0,2026-10-10 20:36:40
1667441313891-02,2026-10-09T00:14:30.1348834+00:00,9519,MiniPreço,minipreco,Faturado,APP,cat_app_8xsemjuros,cat_app_8xsemjuros,,7990,0,1529,0,2026-10-10 20:36:40
1667441313891-01,2026-10-09T00:14:30.1346454+00:00,16890,Electrolux,electrolux,Faturado,APP,cat_app_8xsemjuros,cat_app_8xsemjuros,,15900,0,990,0,2026-10-10 20:36:41
1667441313889-02,2026-10-09T00:13:52.9202047+00:00,60215,WebContinental Marketplace,webcontinentalmktplace,Faturado,APP,banner_app,banner_cat_eletrodomesticos_app,,51490,0,8725,0,2026-10-10 20:36:41
1667441313889-01,2026-10-09T00:13:52.9199238+00:00,16013,Philco,Philco,Faturado,APP,banner_app,banner_cat_eletrodomesticos_app,,13990,0,2023,0,2026-10-10 20:36:41
1667441313888-01,2026-10-09T00:13:51.9687679+00:00,143447,WebContinental Marketplace,webcontinentalmktplace,Faturado,APP,app_barra_de_busca,app_barra_de_busca,,108111,0,35336,0,2026-10-10 20:36:41
1667441313887-01,2026-10-09T00:12:42.3656806+00:00,46999,Madesa,madesa,Faturado,APP,app_barra_de_busca,app_barra_de_busca,,46999,0,0,0,2026-10-10 20:36:41
1667441313884-01,2026-10-09T00:04:01.9668309+00:00,5402,WebContinental Marketplace,webcontinentalmktplace,Pagamento Aprovado,APP,app_barra_de_busca,app_barra_de_busca,,4090,0,1312,0,2026-10-10 20:36:42
1667441313876-01,2026-10-08T23:56:33.3696931+00:00,65504,Encantech Shop,loyalt,Pagamento Aprovado,APP,app_barra_de_busca,app_barra_de_busca,,62800,0,2704,0,2026-10-10 20:36:42
1667441313875-01,2026-10-08T23:55:59.0501168+00:00,12224,Multiloja,multilojaonline,Faturado,APP,app_barra_de_busca,app_barra_de_busca,,10990,0,1234,0,2026-10-10 20:36:42
1667441313870-01,2026-10-08T23:53:40.8212500+00:00,22173,WebContinental,webcontinental,Faturado,PUSH,	PUSH,08102026PUSHODQUINTA,,20210,0,1963,0,2026-10-10 20:36:42
1667441313867-01,2026-10-08T23:53:19.8577960+00:00,12259,We Connect,funstock,Faturado,APP,app_barra_de_busca,app_barra_de_busca,,8490,0,3769,0,2026-10-10 20:36:43
1667441313865-01,2026-10-08T23:51:48.1385099+00:00,135600,Armazém Circular,armazemcircular,Faturado,APP,banner_app,banner_gif_celulares_app,,133600,0,2000,0,2026-10-10 20:36:43
1667441313863-01,2026-10-08T23:51:25.2106546+00:00,28310,We Connect,funstock,Pagamento Aprovado,APP,banner_app,banner_cat_moveis_app,,25490,0,2820,0,2026-10-10 20:36:43
1667441313861-02,2026-10-08T23:50:28.7441966+00:00,54338,Encantech Shop,loyalt,Faturado,APP,app_barra_de_busca,app_barra_de_busca,,52900,0,1438,0,2026-10-10 20:36:43
1667441313861-01,2026-10-08T23:50:28.7439788+00:00,13682,WebContinental Marketplace,webcontinentalmktplace,Faturado,APP,app_barra_de_busca,app_barra_de_busca,,6208,0,7474,0,2026-10-10 20:36:43
1667441313858-01,2026-10-08T23:49:27.4548370+00:00,79011,WebContinental Marketplace,webcontinentalmktplace,Pagamento Aprovado,APP,app_barra_de_busca,app_barra_de_busca,,69040,0,9971,0,2026-10-10 20:36:44
1667441313854-01,2026-10-08T23:46:57.6566496+00:00,22808,Indiana,farmaciaindiana,Faturado,APP,app_barra_de_busca,app_barra_de_busca,,18868,0,3940,0,2026-10-10 20:36:44
1667441313852-01,2026-10-08T23:46:39.8382846+00:00,2733,MiniPreço,minipreco,Pagamento Aprovado,APP,app_barra_de_busca,app_barra_de_busca,,1490,0,1243,0,2026-10-10 20:36:44
1667441313852-02,2026-10-08T23:46:39.8385635+00:00,3065,MMPlace,compreja,Faturado,APP,app_barra_de_busca,app_barra_de_busca,,1912,0,1153,0,2026-10-10 20:36:44
1667441313848-01,2026-10-08T23:44:22.1219275+00:00,17224,WebContinental Marketplace,webcontinentalmktplace,Pagamento Aprovado,APP,ver_todos_app,2026_03_18_ver_todos_app,,9690,0,7534,0,2026-10-10 20:36:44
1667441313840-01,2026-10-08T23:35:10.0977196+00:00,24719,Indiana,farmaciaindiana,Faturado,APP,app_barra_de_busca,app_barra_de_busca,,19980,0,4739,0,2026-10-10 20:36:45
1667441313839-01,2026-10-08T23:34:49.0723904+00:00,3787,Indiana,farmaciaindiana,Faturado,APP,app_barra_de_busca,app_barra_de_busca,,3089,0,698,0,2026-10-10 20:36:45
1667431313832-01,2026-10-08T23:22:30.4981143+00:00,11818,Encantech Shop,loyalt,Faturado,APP,app_barra_de_busca,app_barra_de_busca,,10899,0,919,0,2026-10-10 20:36:45
1667431313828-01,2026-10-08T23:19:26.8016517+00:00,24719,Indiana,farmaciaindiana,Faturado,APP,app_barra_de_busca,app_barra_de_busca,,19980,0,4739,0,2026-10-10 20:36:45
1667431313819-01,2026-10-08T23:09:49.9663472+00:00,20465,Encantech Shop,loyalt,Faturado,APP,ver_todos_app,2026_03_18_ver_todos_app,,19710,0,755,0,2026-10-10 20:36:45
1667431313816-01,2026-10-08T23:01:16.2198911+00:00,15785,Philco,Philco,Faturado,APP,ver_todos_app,2026_03_18_ver_todos_app,,13990,0,1795,0,2026-10-10 20:36:46
1667431313812-01,2026-10-08T23:00:17.2436954+00:00,49268,Multiloja,multilojaonline,Faturado,APP,app_barra_de_busca,app_barra_de_busca,,42990,0,6278,0,2026-10-10 20:36:46
1667431313814-01,2026-10-08T23:00:17.6088370+00:00,14974,Multiloja,multilojaonline,Faturado,APP,app_barra_de_busca,app_barra_de_busca,,10990,0,3984,0,2026-10-10 20:36:47
1667431313809-01,2026-10-08T22:57:44.5960684+00:00,69821,Eurenovo,eurenovo,Faturado,APP,banner_app,banner_cat_seminovos_app,,65921,0,3900,0,2026-10-10 20:36:47
1667431313808-01,2026-10-08T22:56:17.5491478+00:00,17094,MMPlace,compreja,Faturado,APP,app_barra_de_busca,app_barra_de_busca,,17094,0,0,0,2026-10-10 20:36:47
1667431313807-01,2026-10-08T22:52:17.8320959+00:00,59640,Philco,Philco,Faturado,APP,ver_todos_app,2026_03_18_ver_todos_app,,51990,0,7650,0,2026-10-10 20:36:47
1667431313804-01,2026-10-08T22:50:57.9131820+00:00,17188,Philco,Philco,Faturado,APP,banner_app,banner_cat_seminovos_app,,14990,0,2198,0,2026-10-10 20:36:47
1667431313803-01,2026-10-08T22:50:19.8982574+00:00,13430,Encantech Shop,loyalt,Pagamento Aprovado,APP,app_barra_de_busca,app_barra_de_busca,,11990,0,1440,0,2026-10-10 20:36:48
1667431313792-01,2026-10-08T22:39:49.9731650+00:00,41981,WebContinental Marketplace,webcontinentalmktplace,Faturado,APP,app_barra_de_busca,app_barra_de_busca,,32992,0,8989,0,2026-10-10 20:36:48
1667431313791-01,2026-10-08T22:35:40.3274859+00:00,21878,WebContinental,webcontinental,Faturado,INAPP,INAPP,INAPP100926,,19834,0,2044,0,2026-10-10 20:36:48
1667421313787-01,2026-10-08T22:27:15.3953833+00:00,61890,Electrolux,electrolux,Faturado,APP,app_barra_de_busca,app_barra_de_busca,,59900,0,1990,0,2026-10-10 20:36:49
1667421313784-01,2026-10-08T22:24:34.8431983+00:00,116552,WebContinental Marketplace,webcontinentalmktplace,Pagamento Pendente,APP,banner_app,banner_gif_celulares_app,,109900,0,6652,0,2026-10-10 20:36:49
1667421313779-01,2026-10-08T22:14:59.4826208+00:00,24533,WebContinental Marketplace,webcontinentalmktplace,Faturado,APP,app_barra_de_busca,app_barra_de_busca,,22490,0,2043,0,2026-10-10 20:36:49
1667421313775-02,2026-10-08T22:10:16.2384500+00:00,55210,WebContinental Marketplace,webcontinentalmktplace,Faturado,APP,banner_app_dia_das_crianças,banner_app_dia_das_crianças,,43990,0,11220,0,2026-10-10 20:36:50
1667421313775-01,2026-10-08T22:10:16.2382909+00:00,28235,We Connect,funstock,Pagamento Aprovado,APP,banner_app_dia_das_crianças,banner_app_dia_das_crianças,,25490,0,2745,0,2026-10-10 20:36:50
1667421313771-01,2026-10-08T21:59:46.7631798+00:00,37633,WebContinental Marketplace,webcontinentalmktplace,Faturado,APP,app_barra_de_busca,app_barra_de_busca,,33990,0,3643,0,2026-10-10 20:36:51
1667421313765-02,2026-10-08T21:54:38.7227320+00:00,28469,Encantech Shop,loyalt,Faturado,APP,banner_app,banner_cat_eletrodomesticos_app,,27811,0,658,0,2026-10-10 20:36:51
1667421313765-01,2026-10-08T21:54:38.7225432+00:00,69024,Philco,Philco,Faturado,APP,banner_app,banner_cat_eletrodomesticos_app,,64980,0,4044,0,2026-10-10 20:36:51
1667421313758-01,2026-10-08T21:52:09.5420665+00:00,23008,Encantech Shop,loyalt,Faturado,APP,banner_app,banner_cat_moveis_app,,21980,0,1028,0,2026-10-10 20:36:51
1667421313758-02,2026-10-08T21:52:09.5422960+00:00,16980,Electrolux,electrolux,Faturado,APP,banner_app,banner_cat_moveis_app,,15990,0,990,0,2026-10-10 20:36:52
1667421313757-01,2026-10-08T21:49:25.5079509+00:00,139991,WebContinental Marketplace,webcontinentalmktplace,Pagamento Aprovado,APP,ver_todos_app,2026_03_18_ver_todos_app,,129992,0,9999,0,2026-10-10 20:36:52
1667421313756-01,2026-10-08T21:47:04.4409494+00:00,45412,Encantech Shop,loyalt,Faturado,APP,app_barra_de_busca,app_barra_de_busca,,36190,0,9222,0,2026-10-10 20:36:52
1667421313754-01,2026-10-08T21:44:32.1736855+00:00,53567,Philco,Philco,Faturado,APP,app_barra_de_busca,app_barra_de_busca,,44990,0,8577,0,2026-10-10 20:36:52
1667421313749-01,2026-10-08T21:35:36.0626303+00:00,18086,Encantech Shop,loyalt,Faturado,APP,banner_app,banner_cat_eletrodomesticos_app,,16290,0,1796,0,2026-10-10 20:36:52
1667421313748-01,2026-10-08T21:33:35.7938245+00:00,12469,WebContinental Marketplace,webcontinentalmktplace,Faturado,APP,banner_app,banner_cat_eletroportateis_app,,10990,0,1479,0,2026-10-10 20:36:53
1667421313746-01,2026-10-08T21:33:33.5135825+00:00,28490,Encantech Shop,loyalt,Faturado,PUSH,PUSHOVER,PUSHOVER0810,,28490,0,0,0,2026-10-10 20:36:53
1667421313744-01,2026-10-08T21:31:02.9360887+00:00,27815,WebContinental Marketplace,webcontinentalmktplace,Faturado,APP,app_barra_de_busca,app_barra_de_busca,,24564,0,3251,0,2026-10-10 20:36:53
1667411313736-01,2026-10-08T21:22:23.9385811+00:00,340555,WebContinental Marketplace,webcontinentalmktplace,Faturado,APP,banner_app,banner_cat_moveis_app,,266556,0,73999,0,2026-10-10 20:36:53
1667411313734-01,2026-10-08T21:19:21.1563869+00:00,110291,WebContinental Marketplace,webcontinentalmktplace,Faturado,APP,banner_app,banner_cat_moveis_app,,98998,0,11293,0,2026-10-10 20:36:53
1667411313732-02,2026-10-08T21:18:40.3226537+00:00,64990,Philco,Philco,Faturado,APP,banner_app,banner_gif_celulares_app,,64990,0,0,0,2026-10-10 20:36:54
1667411313732-01,2026-10-08T21:18:40.3224482+00:00,18980,Electrolux,electrolux,Faturado,APP,banner_app,banner_gif_celulares_app,,17990,0,990,0,2026-10-10 20:36:54
1667411313721-01,2026-10-08T21:08:29.0121822+00:00,7537,We Connect,funstock,Pagamento Aprovado,APP,app_barra_de_busca,app_barra_de_busca,,5490,0,2047,0,2026-10-10 20:36:54
1667411313721-02,2026-10-08T21:08:29.0124142+00:00,7681,Bumerang Brinquedos,bumerangbrinquedos,Faturado,APP,app_barra_de_busca,app_barra_de_busca,,5999,0,1682,0,2026-10-10 20:36:54
1667411313713-01,2026-10-08T20:55:27.6324153+00:00,69681,Philco,Philco,Faturado,APP,app_barra_de_busca,app_barra_de_busca,,46990,0,22691,0,2026-10-10 20:36:55
1667411313710-02,2026-10-08T20:53:45.4894460+00:00,12508,Encantech Shop,loyalt,Pagamento Aprovado,APP,app_barra_de_busca,app_barra_de_busca,,10123,0,2385,0,2026-10-10 20:36:55
1667411313710-01,2026-10-08T20:53:45.4892487+00:00,4776,Indiana,farmaciaindiana,Faturado,APP,app_barra_de_busca,app_barra_de_busca,,3990,0,786,0,2026-10-10 20:36:55
1667411313709-01,2026-10-08T20:46:33.0194076+00:00,55980,Electrolux,electrolux,Faturado,APP,app_barra_de_busca,app_barra_de_busca,,54990,0,990,0,2026-10-10 20:36:55
1667411313708-01,2026-10-08T20:46:16.1659678+00:00,8561,Indiana,farmaciaindiana,Faturado,APP,ver_todos_app,2026_03_18_ver_todos_app,,7638,0,923,0,2026-10-10 20:36:55
1667411313703-01,2026-10-08T20:41:25.9802027+00:00,28261,We Connect,funstock,Faturado,APP,banner_app_dia_das_crianças,banner_app_dia_das_crianças,,25490,0,2771,0,2026-10-10 20:36:56
1667411313700-01,2026-10-08T20:33:44.7650633+00:00,7062,WebContinental Marketplace,webcontinentalmktplace,Faturado,APP,app_barra_de_busca,app_barra_de_busca,,4400,0,2662,0,2026-10-10 20:36:56
1667411313698-01,2026-10-08T20:30:21.5643603+00:00,11783,Encantech Shop,loyalt,Faturado,APP,app_barra_de_busca,app_barra_de_busca,,10990,0,793,0,2026-10-10 20:36:57
1667401313697-01,2026-10-08T20:29:24.0721705+00:00,6237,MiniPreço,minipreco,Faturado,APP,app_barra_de_busca,app_barra_de_busca,,4990,0,1247,0,2026-10-10 20:36:57
1667401313696-01,2026-10-08T20:25:25.5456442+00:00,18497,WebContinental Marketplace,webcontinentalmktplace,Pagamento Aprovado,APP,banner_app_dia_das_crianças,banner_app_dia_das_crianças,,15990,0,2507,0,2026-10-10 20:36:57
1667401313684-02,2026-10-08T20:08:20.7168904+00:00,39989,Encantech Shop,loyalt,Faturado,APP,ver_todos_app,2026_03_18_ver_todos_app,,32999,0,6990,0,2026-10-10 20:36:57
1667401313684-01,2026-10-08T20:08:20.7166636+00:00,49989,Madesa,madesa,Faturado,APP,ver_todos_app,2026_03_18_ver_todos_app,,42999,0,6990,0,2026-10-10 20:36:57
1667401313681-01,2026-10-08T20:01:19.5111487+00:00,49580,Encantech Shop,loyalt,Pagamento Aprovado,APP,banner_app_dia_das_crianças,banner_app_dia_das_crianças,,47898,0,1682,0,2026-10-10 20:36:58
1667401313678-01,2026-10-08T19:56:45.7016255+00:00,55897,Encantech Shop,loyalt,Pagamento Aprovado,APP,app_barra_de_busca,app_barra_de_busca,,53908,0,1989,0,2026-10-10 20:36:58
1667401313677-01,2026-10-08T19:56:30.4445928+00:00,9216,Encantech Shop,loyalt,Pagamento Aprovado,APP,app_barra_de_busca,app_barra_de_busca,,7626,0,1590,0,2026-10-10 20:36:58
1667401313676-01,2026-10-08T19:56:13.6171529+00:00,12459,WebContinental Marketplace,webcontinentalmktplace,Faturado,APP,banner_app_dia_das_crianças,banner_app_dia_das_crianças,,9690,0,2769,0,2026-10-10 20:36:59
1667401313674-01,2026-10-08T19:53:31.7993336+00:00,6636,MiniPreço,minipreco,Faturado,APP,ver_todos_app,2026_03_18_ver_todos_app,,4995,0,1641,0,2026-10-10 20:36:59
1667401313673-01,2026-10-08T19:52:29.2935568+00:00,11123,Encantech Shop,loyalt,Faturado,,,,,9900,0,1223,0,2026-10-10 20:36:59
1667401313668-01,2026-10-08T19:47:37.1406644+00:00,49980,Philco,Philco,Faturado,APP,app_barra_de_busca,app_barra_de_busca,,44990,0,4990,0,2026-10-10 20:36:59
1667401313665-01,2026-10-08T19:44:27.5482473+00:00,27784,WebContinental Marketplace,webcontinentalmktplace,Faturado,APP,app_barra_de_busca,app_barra_de_busca,,19402,0,8382,0,2026-10-10 20:37:00
1667401313659-01,2026-10-08T19:36:04.5395706+00:00,49980,Philco,Philco,Pagamento Pendente,APP,banner_app_aniversario,banner_app_aniversario,,44990,0,4990,0,2026-10-10 20:37:00
1667401313657-02,2026-10-08T19:33:50.1847021+00:00,9116,Encantech Shop,loyalt,Pagamento Aprovado,APP,app_barra_de_busca,app_barra_de_busca,,7626,0,1490,0,2026-10-10 20:37:00
1667401313657-01,2026-10-08T19:33:50.1845479+00:00,3769,Indiana,farmaciaindiana,Faturado,APP,app_barra_de_busca,app_barra_de_busca,,2549,0,1220,0,2026-10-10 20:37:00
1667391313650-01,2026-10-08T19:13:57.3721540+00:00,18715,Electrolux,electrolux,Faturado,APP,app_barra_de_busca,app_barra_de_busca,,16990,0,1725,0,2026-10-10 20:37:01
1667391313642-01,2026-10-08T19:06:05.0004371+00:00,20283,WebContinental Marketplace,webcontinentalmktplace,Faturado,APP,ver_todos_app,2026_03_18_ver_todos_app,,18590,0,1693,0,2026-10-10 20:37:01
1667391313640-01,2026-10-08T18:52:22.3805600+00:00,21119,Indiana,farmaciaindiana,Faturado,APP,app_barra_de_busca,app_barra_de_busca,,17320,0,3799,0,2026-10-10 20:37:01
1667391313638-01,2026-10-08T18:51:45.8883783+00:00,71890,Electrolux,electrolux,Faturado,APP,app_barra_de_busca,app_barra_de_busca,,69900,0,1990,0,2026-10-10 20:37:01
1667391313637-01,2026-10-08T18:50:53.0023875+00:00,31868,We Connect,funstock,Faturado,APP,cat_app_8xsemjuros,cat_app_8xsemjuros,,23290,0,8578,0,2026-10-10 20:37:01
1667391313634-01,2026-10-08T18:48:01.1676241+00:00,9402,WebContinental Marketplace,webcontinentalmktplace,Faturado,APP,banner_app,banner_gif_celulares_app,,7800,0,1602,0,2026-10-10 20:37:02
1667391313630-01,2026-10-08T18:40:09.5614361+00:00,16577,WebContinental Marketplace,webcontinentalmktplace,Faturado,APP,ver_todos_app,2026_03_18_ver_todos_app,,10990,0,5587,0,2026-10-10 20:37:02
1667391313629-01,2026-10-08T18:35:57.3577033+00:00,71312,WebContinental Marketplace,webcontinentalmktplace,Faturado,APP,app_barra_de_busca,app_barra_de_busca,,45447,0,25865,0,2026-10-10 20:37:02
1667391313628-01,2026-10-08T18:34:39.6659550+00:00,58117,WebContinental Marketplace,webcontinentalmktplace,Faturado,APP,ver_todos_app,2026_03_18_ver_todos_app,,51590,0,6527,0,2026-10-10 20:37:02
1667391313627-01,2026-10-08T18:32:16.6486838+00:00,19319,WebContinental Marketplace,webcontinentalmktplace,Faturado,APP,app_barra_de_busca,app_barra_de_busca,,15590,0,3729,0,2026-10-10 20:37:02
1667381313616-01,2026-10-08T18:22:49.2545971+00:00,16117,WebContinental Marketplace,webcontinentalmktplace,Faturado,APP,app_barra_de_busca,app_barra_de_busca,,13490,0,2627,0,2026-10-10 20:37:02
1667381313603-01,2026-10-08T18:15:16.6180161+00:00,11712,WebContinental Marketplace,webcontinentalmktplace,Faturado,APP,banner_app_dia_das_crianças,banner_app_dia_das_crianças,,9301,0,2411,0,2026-10-10 20:37:03
1667381313598-01,2026-10-08T18:01:36.9359938+00:00,47925,WebContinental Marketplace,webcontinentalmktplace,Faturado,APP,app_barra_de_busca,app_barra_de_busca,,43490,0,4435,0,2026-10-10 20:37:03
1667381313596-01,2026-10-08T17:59:20.3281474+00:00,159900,Direct Stock,lojapositivo,Faturado,INAPP,INAPP,inapp_saldo_extra150926,,159900,0,0,0,2026-10-10 20:37:03
1667381313595-01,2026-10-08T17:57:29.0059225+00:00,7861,WebContinental Marketplace,webcontinentalmktplace,Faturado,APP,ver_todos_app,2026_03_18_ver_todos_app,,6190,0,1671,0,2026-10-10 20:37:03
1667381313594-01,2026-10-08T17:57:24.2798428+00:00,11835,Indiana,farmaciaindiana,Faturado,APP,app_barra_de_busca,app_barra_de_busca,,10844,0,991,0,2026-10-10 20:37:03
1667381313592-01,2026-10-08T17:56:56.8315804+00:00,18821,Multiloja,multilojaonline,Faturado,APP,ver_todos_app,2026_03_18_ver_todos_app,,15990,0,2831,0,2026-10-10 20:37:04
1667381313589-01,2026-10-08T17:56:05.1783638+00:00,47807,WebContinental Marketplace,webcontinentalmktplace,Faturado,APP,app_barra_de_busca,app_barra_de_busca,,27520,0,20287,0,2026-10-10 20:37:04
1667381313584-01,2026-10-08T17:54:10.8996892+00:00,3005,MiniPreço,minipreco,Pagamento Aprovado,APP,banner_app_dia_das_crianças,banner_app_dia_das_crianças,,1599,0,1406,0,2026-10-10 20:37:04
1667381313582-01,2026-10-08T17:51:40.8862795+00:00,61890,Electrolux,electrolux,Faturado,APP,app_barra_de_busca,app_barra_de_busca,,59900,0,1990,0,2026-10-10 20:37:04
1667381313574-01,2026-10-08T17:40:41.8107503+00:00,16775,Philco,Philco,Faturado,APP,app_barra_de_busca,app_barra_de_busca,,14990,0,1785,0,2026-10-10 20:37:04
1667381313572-01,2026-10-08T17:36:53.1971218+00:00,38162,Philco,Philco,Faturado,APP,banner_app_dia_das_crianças,banner_app_dia_das_crianças,,35990,0,2172,0,2026-10-10 20:37:05
1667381313570-01,2026-10-08T17:31:32.2560678+00:00,19514,Tetrix,tetrix,Faturado,APP,app_barra_de_busca,app_barra_de_busca,,16900,0,2614,0,2026-10-10 20:37:05
1667371313560-01,2026-10-08T17:15:01.5549479+00:00,23028,WebContinental Marketplace,webcontinentalmktplace,Faturado,APP,banner_app_dia_das_crianças,banner_app_dia_das_crianças,,15998,0,7030,0,2026-10-10 20:37:05
1667371313556-01,2026-10-08T17:12:21.1112051+00:00,59932,Encantech Shop,loyalt,Faturado,APP,banner_app,banner_cat_moveis_app,,59024,0,908,0,2026-10-10 20:37:05
1667371313555-01,2026-10-08T17:12:19.5125347+00:00,53109,Encantech Shop,loyalt,Pagamento Aprovado,APP,banner_app,banner_cat_perfumes_app,,51763,0,1346,0,2026-10-10 20:37:05
1667371313554-01,2026-10-08T17:12:02.3011616+00:00,21490,Encantech Shop,loyalt,Faturado,APP,banner_app,banner_cat_seminovos_app,,19990,0,1500,0,2026-10-10 20:37:06
1667371313553-01,2026-10-08T17:10:00.3407271+00:00,55980,Electrolux,electrolux,Faturado,inapp,app,2026_02_27_inappover,,54990,0,990,0,2026-10-10 20:37:06
1667371313551-01,2026-10-08T17:03:52.3602853+00:00,13450,Indiana,farmaciaindiana,Faturado,APP,banner_app_dia_das_crianças,banner_app_dia_das_crianças,,11856,0,1594,0,2026-10-10 20:37:06
1667371313550-01,2026-10-08T17:03:45.5955163+00:00,57586,Multiloja,multilojaonline,Faturado,APP,app_barra_de_busca,app_barra_de_busca,,46990,0,10596,0,2026-10-10 20:37:07
1667371313549-01,2026-10-08T17:00:51.7411660+00:00,169999,Madesa,madesa,Faturado,APP,banner_app,banner_cat_moveis_app,,169999,0,0,0,2026-10-10 20:37:07
1667371313548-01,2026-10-08T17:00:14.1045746+00:00,154834,Multiloja,multilojaonline,Pagamento Aprovado,APP,app_barra_de_busca,app_barra_de_busca,,137990,0,16844,0,2026-10-10 20:37:07
1667371313547-01,2026-10-08T16:59:24.0449676+00:00,41188,WebContinental Marketplace,webcontinentalmktplace,Faturado,APP,banner_app_dia_das_crianças,banner_app_dia_das_crianças,,37999,0,3189,0,2026-10-10 20:37:07
1667371313546-01,2026-10-08T16:58:19.6529077+00:00,111043,Encantech Shop,loyalt,Pagamento Pendente,APP,banner_app,banner_gif_celulares_app,,109900,0,1143,0,2026-10-10 20:37:07
1667371313544-01,2026-10-08T16:54:03.8642387+00:00,46581,Philco,Philco,Faturado,APP,app_barra_de_busca,app_barra_de_busca,,39990,0,6591,0,2026-10-10 20:37:08
1667371313544-02,2026-10-08T16:54:03.8644863+00:00,36378,Multiloja,multilojaonline,Pagamento Aprovado,APP,app_barra_de_busca,app_barra_de_busca,,23990,0,12388,0,2026-10-10 20:37:08
1667371313540-01,2026-10-08T16:46:09.4505343+00:00,85596,WebContinental Marketplace,webcontinentalmktplace,Faturado,APP,banner_app,banner_cat_moveis_app,,64900,0,20696,0,2026-10-10 20:37:08
1667361313534-01,2026-10-08T16:24:32.9512887+00:00,9980,Electrolux,electrolux,Faturado,APP,banner_app,banner_cat_reforma_app,,8990,0,990,0,2026-10-10 20:37:08
1667361313530-01,2026-10-08T16:17:23.7247746+00:00,22312,WebContinental,webcontinental,Faturado,APP,banner_app,banner_cat_reforma_app,,20210,0,2102,0,2026-10-10 20:37:08
1667361313526-01,2026-10-08T16:11:19.5073980+00:00,4808,WebContinental Marketplace,webcontinentalmktplace,Faturado,APP,app_barra_de_busca,app_barra_de_busca,,1989,0,2819,0,2026-10-10 20:37:09
1667361313525-01,2026-10-08T16:08:29.0045251+00:00,105998,Madesa,madesa,Pagamento Aprovado,APP,ver_todos_app,2026_03_18_ver_todos_app,,95999,0,9999,0,2026-10-10 20:37:09
1667361313515-01,2026-10-08T15:58:31.3279378+00:00,81500,Encantech Shop,loyalt,Faturado,APP,banner_app,banner_gif_celulares_app,,80900,0,600,0,2026-10-10 20:37:09
1667361313514-01,2026-10-08T15:58:27.1536757+00:00,55610,WebContinental Marketplace,webcontinentalmktplace,Faturado,APP,app_barra_de_busca,app_barra_de_busca,,53990,0,1620,0,2026-10-10 20:37:09
1667361313511-01,2026-10-08T15:57:28.7688058+00:00,62416,WebContinental Marketplace,webcontinentalmktplace,Faturado,APP,app_barra_de_busca,app_barra_de_busca,,45290,0,17126,0,2026-10-10 20:37:09
1667361313508-01,2026-10-08T15:56:38.4433357+00:00,58322,Encantech Shop,loyalt,Faturado,APP,banner_app,banner_gif_celulares_app,,56556,0,1766,0,2026-10-10 20:37:09
1667361313507-01,2026-10-08T15:56:27.5135909+00:00,105998,Madesa,madesa,Pagamento Aprovado,APP,ver_todos_app,2026_03_18_ver_todos_app,,95999,0,9999,0,2026-10-10 20:37:10
1667361313498-01,2026-10-08T15:53:37.1795524+00:00,7512,Indiana,farmaciaindiana,Faturado,APP,app_barra_de_busca,app_barra_de_busca,,6458,0,1054,0,2026-10-10 20:37:10
1667361313498-02,2026-10-08T15:53:37.1797215+00:00,16950,Pense Farma,pensefarma,Faturado,APP,app_barra_de_busca,app_barra_de_busca,,16950,0,0,0,2026-10-10 20:37:10
1667361313497-01,2026-10-08T15:53:35.8174908+00:00,21489,Encantech Shop,loyalt,Faturado,APP,banner_app,banner_cat_reforma_app,,19990,0,1499,0,2026-10-10 20:37:10
1667361313494-01,2026-10-08T15:52:34.3306934+00:00,183890,Electrolux,electrolux,Pagamento Aprovado,APP,ver_todos_app,2026_03_18_ver_todos_app,,179900,0,3990,0,2026-10-10 20:37:10
1667361313472-01,2026-10-08T15:33:38.4762107+00:00,95281,Multiloja,multilojaonline,Faturado,APP,ver_todos_app,2026_03_18_ver_todos_app,,76990,0,18291,0,2026-10-10 20:37:10
1667351313466-01,2026-10-08T15:23:38.4411499+00:00,47980,Electrolux,electrolux,Faturado,inapp,app,2026_02_13_tvphilco,,46990,0,990,0,2026-10-10 20:37:11
1667351313464-01,2026-10-08T15:21:08.3933195+00:00,43725,WebContinental Marketplace,webcontinentalmktplace,Faturado,APP,banner_app_dia_das_crianças,banner_app_dia_das_crianças,,37890,0,5835,0,2026-10-10 20:37:11
1667351313462-01,2026-10-08T15:13:48.3538971+00:00,123037,Encantech Shop,loyalt,Pagamento Aprovado,APP,app_barra_de_busca,app_barra_de_busca,,119400,0,3637,0,2026-10-10 20:37:11
1667351313456-01,2026-10-08T15:07:15.5754030+00:00,37629,WebContinental Marketplace,webcontinentalmktplace,Faturado,,,,,34900,0,2729,0,2026-10-10 20:37:11
1667351313452-01,2026-10-08T15:04:53.2629594+00:00,61841,WebContinental Marketplace,webcontinentalmktplace,Faturado,APP,app_barra_de_busca,app_barra_de_busca,,57990,0,3851,0,2026-10-10 20:37:11
1667351313447-02,2026-10-08T15:01:29.5677826+00:00,7680,WebContinental Marketplace,webcontinentalmktplace,Faturado,APP,banner_app_dia_das_crianças,banner_app_dia_das_crianças,,5752,0,1928,0,2026-10-10 20:37:12
1667351313447-01,2026-10-08T15:01:29.5675924+00:00,19426,MiniPreço,minipreco,Pagamento Aprovado,APP,banner_app_dia_das_crianças,banner_app_dia_das_crianças,,17985,0,1441,0,2026-10-10 20:37:12
1667351313445-01,2026-10-08T14:59:33.2708068+00:00,82354,Encantech Shop,loyalt,Faturado,APP,banner_app,banner_gif_celulares_app,,80900,0,1454,0,2026-10-10 20:37:12
1667351313441-01,2026-10-08T14:53:17.0023604+00:00,7310,MiniPreço,minipreco,Pagamento Aprovado,APP,app_barra_de_busca,app_barra_de_busca,,5990,0,1320,0,2026-10-10 20:37:12
1667351313437-01,2026-10-08T14:45:04.9914412+00:00,9147,WebContinental Marketplace,webcontinentalmktplace,Faturado,APP,app_barra_de_busca,app_barra_de_busca,,2990,0,6157,0,2026-10-10 20:37:12
1667351313434-01,2026-10-08T14:35:50.1231268+00:00,69998,Multimóveis,multimoveis,Faturado,APP,banner_app,banner_cat_moveis_app,,57999,0,11999,0,2026-10-10 20:37:13
1667341313432-01,2026-10-08T14:27:39.0976421+00:00,12083,Encantech Shop,loyalt,Faturado,APP,app_barra_de_busca,app_barra_de_busca,,11590,0,493,0,2026-10-10 20:37:13
1667341313427-01,2026-10-08T14:23:38.7171208+00:00,16343,MiniPreço,minipreco,Pagamento Aprovado,APP,app_barra_de_busca,app_barra_de_busca,,14995,0,1348,0,2026-10-10 20:37:13
1667341313427-02,2026-10-08T14:23:38.7172576+00:00,6153,Indiana,farmaciaindiana,Pagamento Aprovado,APP,app_barra_de_busca,app_barra_de_busca,,5379,0,774,0,2026-10-10 20:37:13
1667341313425-01,2026-10-08T14:21:47.3923064+00:00,8879,Encantech Shop,loyalt,Faturado,APP,app_barra_de_busca,app_barra_de_busca,,7912,0,967,0,2026-10-10 20:37:13
1667341313418-01,2026-10-08T14:13:08.7212689+00:00,14231,WebContinental Marketplace,webcontinentalmktplace,Faturado,APP,banner_app,banner_cat_moveis_app,,9990,0,4241,0,2026-10-10 20:37:13
1667341313414-01,2026-10-08T14:05:16.6004370+00:00,20980,Electrolux,electrolux,Faturado,APP,ver_todos_app,2026_03_18_ver_todos_app,,19990,0,990,0,2026-10-10 20:37:14
1667341313412-01,2026-10-08T14:02:42.4916901+00:00,14145,WebContinental Marketplace,webcontinentalmktplace,Faturado,APP,app_barra_de_busca,app_barra_de_busca,,11990,0,2155,0,2026-10-10 20:37:14
1667341313411-01,2026-10-08T14:00:01.7685316+00:00,30580,Multiloja,multilojaonline,Pagamento Aprovado,APP,banner_app_dia_das_crianças,banner_app_dia_das_crianças,,26590,0,3990,0,2026-10-10 20:37:14
1667341313410-01,2026-10-08T13:56:31.0892564+00:00,71890,Electrolux,electrolux,Pagamento Pendente,APP,ver_todos_app,2026_03_18_ver_todos_app,,69900,0,1990,0,2026-10-10 20:37:14
1667341313403-01,2026-10-08T13:43:03.1295749+00:00,35761,Tetrix,tetrix,Faturado,APP,app_barra_de_busca,app_barra_de_busca,,31990,0,3771,0,2026-10-10 20:37:14
1667341313402-01,2026-10-08T13:42:20.1750392+00:00,33254,Encantech Shop,loyalt,Pagamento Aprovado,APP,banner_app_dia_das_crianças,banner_app_dia_das_crianças,,31899,0,1355,0,2026-10-10 20:37:15
1667341313397-01,2026-10-08T13:31:42.2915310+00:00,19272,Encantech Shop,loyalt,Faturado,APP,banner_app,banner_cat_seminovos_app,,16988,0,2284,0,2026-10-10 20:37:15
1667331313393-01,2026-10-08T13:27:49.7696356+00:00,50831,Encantech Shop,loyalt,Pagamento Aprovado,APP,app_barra_de_busca,app_barra_de_busca,,49390,0,1441,0,2026-10-10 20:37:15
1667331313391-01,2026-10-08T13:25:28.4738949+00:00,6473,ROVITEX,rovitex,Faturado,APP,app_barra_de_busca,app_barra_de_busca,,4874,0,1599,0,2026-10-10 20:37:16
1667331313388-01,2026-10-08T13:21:41.2446096+00:00,151754,Multiloja,multilojaonline,Faturado,APP,ver_todos_app,2026_03_18_ver_todos_app,,109990,0,41764,0,2026-10-10 20:37:16
1667331313383-01,2026-10-08T13:18:38.7568216+00:00,20980,Electrolux,electrolux,Faturado,APP,app_barra_de_busca,app_barra_de_busca,,19990,0,990,0,2026-10-10 20:37:16
1667331313382-01,2026-10-08T13:15:21.0205224+00:00,100948,Encantech Shop,loyalt,Pagamento Pendente,APP,banner_app,banner_gif_tvs_app,,99889,0,1059,0,2026-10-10 20:37:17
1667331313379-01,2026-10-08T13:12:10.9001248+00:00,18804,Encantech Shop,loyalt,Faturado,APP,ver_todos_app,2026_03_18_ver_todos_app,,17512,0,1292,0,2026-10-10 20:37:17
1667331313377-01,2026-10-08T13:09:12.3943222+00:00,83531,Encantech Shop,loyalt,Pagamento Pendente,APP,app_barra_de_busca,app_barra_de_busca,,80900,0,2631,0,2026-10-10 20:37:17
1667331313373-01,2026-10-08T13:03:10.0843332+00:00,23325,WebContinental Marketplace,webcontinentalmktplace,Pagamento Aprovado,APP,app_barra_de_busca,app_barra_de_busca,,9114,0,14211,0,2026-10-10 20:37:17
1667331313371-01,2026-10-08T13:01:30.8074970+00:00,42401,Philco,Philco,Faturado,APP,ver_todos_app,2026_03_18_ver_todos_app,,34990,0,7411,0,2026-10-10 20:37:17
1667331313371-02,2026-10-08T13:01:30.8077468+00:00,19448,Encantech Shop,loyalt,Faturado,APP,ver_todos_app,2026_03_18_ver_todos_app,,18472,0,976,0,2026-10-10 20:37:18
1667331313370-01,2026-10-08T12:58:07.1720497+00:00,260980,Multiloja,multilojaonline,Faturado,APP,banner_app,banner_gif_tvs_app,,256990,0,3990,0,2026-10-10 20:37:18
1667331313368-01,2026-10-08T12:48:26.8645326+00:00,120821,Encantech Shop,loyalt,Faturado,APP,banner_app,banner_gif_celulares_app,,119889,0,932,0,2026-10-10 20:37:18
1667331313358-01,2026-10-08T12:38:58.2690348+00:00,57216,WebContinental Marketplace,webcontinentalmktplace,Faturado,APP,banner_app,banner_cat_moveis_app,,48044,0,9172,0,2026-10-10 20:37:18
1667331313357-01,2026-10-08T12:38:35.2519842+00:00,121356,Webfones,webfones,Faturado,APP,banner_app,banner_gif_celulares_app,,117900,0,3456,0,2026-10-10 20:37:18
1667331313356-01,2026-10-08T12:38:16.5542200+00:00,16314,Philco,Philco,Faturado,APP,ver_todos_app,2026_03_18_ver_todos_app,,13990,0,2324,0,2026-10-10 20:37:19
1667331313353-01,2026-10-08T12:35:15.8574411+00:00,41089,Philco,Philco,Faturado,APP,banner_app,banner_cat_eletrodomesticos_app,,34990,0,6099,0,2026-10-10 20:37:19
1667331313352-01,2026-10-08T12:35:10.2971221+00:00,20980,Multiloja,multilojaonline,Faturado,APP,app_barra_de_busca,app_barra_de_busca,,16990,0,3990,0,2026-10-10 20:37:19
1667331313345-01,2026-10-08T12:31:20.3104412+00:00,19730,WebContinental Marketplace,webcontinentalmktplace,Faturado,APP,app_barra_de_busca,app_barra_de_busca,,15908,0,3822,0,2026-10-10 20:37:19
1667331313345-02,2026-10-08T12:31:20.3106935+00:00,6200,MiniPreço,minipreco,Faturado,APP,app_barra_de_busca,app_barra_de_busca,,3990,0,2210,0,2026-10-10 20:37:19
1667321313344-01,2026-10-08T12:29:43.9960823+00:00,17823,WebContinental Marketplace,webcontinentalmktplace,Faturado,APP,app_barra_de_busca,app_barra_de_busca,,14848,0,2975,0,2026-10-10 20:37:19
1667321313343-01,2026-10-08T12:29:31.8360642+00:00,35325,WebContinental Marketplace,webcontinentalmktplace,Faturado,APP,banner_app_dia_das_crianças,banner_app_dia_das_crianças,,29788,0,5537,0,2026-10-10 20:37:20
1667321313338-02,2026-10-08T12:28:20.9368277+00:00,17960,Encantech Shop,loyalt,Faturado,APP,app_barra_de_busca,app_barra_de_busca,,17000,0,960,0,2026-10-10 20:37:20
1667321313338-01,2026-10-08T12:28:20.9365419+00:00,78162,Philco,Philco,Faturado,APP,app_barra_de_busca,app_barra_de_busca,,59990,0,18172,0,2026-10-10 20:37:20
1667321313335-01,2026-10-08T12:25:18.4507968+00:00,9675,Indiana,farmaciaindiana,Faturado,APP,app_barra_de_busca,app_barra_de_busca,,8780,0,895,0,2026-10-10 20:37:20
1667321313328-01,2026-10-08T12:21:59.2685755+00:00,66552,WebContinental,webcontinental,Faturado,APP,ver_todos_app,2026_03_18_ver_todos_app,,61789,0,4763,0,2026-10-10 20:37:20
1667321313324-01,2026-10-08T12:16:25.9270711+00:00,7080,Encantech Shop,loyalt,Pagamento Aprovado,APP,app_barra_de_busca,app_barra_de_busca,,5490,0,1590,0,2026-10-10 20:37:21
1667321313324-02,2026-10-08T12:16:25.9272424+00:00,3914,Pense Farma,pensefarma,Faturado,APP,app_barra_de_busca,app_barra_de_busca,,1954,0,1960,0,2026-10-10 20:37:21
1667321313322-01,2026-10-08T12:11:26.6403498+00:00,21125,Rojemac,rojemac,Faturado,APP,banner_app,banner_gif_celulares_app,,18799,0,2326,0,2026-10-10 20:37:21
1667321313321-01,2026-10-08T12:02:57.2124112+00:00,4795,Pense Farma,pensefarma,Faturado,APP,banner_app_aniversario,banner_app_aniversario,,3726,0,1069,0,2026-10-10 20:37:21
1667321313320-01,2026-10-08T12:01:42.6946540+00:00,63628,Multiloja,multilojaonline,Faturado,APP,banner_app,banner_cat_moveis_app,,51990,0,11638,0,2026-10-10 20:37:21
1667321313319-01,2026-10-08T11:56:49.1914182+00:00,11148,Encantech Shop,loyalt,Faturado,APP,ver_todos_app,2026_03_18_ver_todos_app,,10821,0,327,0,2026-10-10 20:37:21
1667321313317-01,2026-10-08T11:47:24.5189889+00:00,45141,WebContinental,webcontinental,Faturado,APP,app_barra_de_busca,app_barra_de_busca,,40643,0,4498,0,2026-10-10 20:37:22
1667321313313-02,2026-10-08T11:39:31.5990788+00:00,9136,Indiana,farmaciaindiana,Faturado,APP,banner_app_dia_das_crianças,banner_app_dia_das_crianças,,8490,0,646,0,2026-10-10 20:37:22
1667321313313-04,2026-10-08T11:39:31.5992520+00:00,7487,Bumerang Brinquedos,bumerangbrinquedos,Faturado,APP,banner_app_dia_das_crianças,banner_app_dia_das_crianças,,5999,0,1488,0,2026-10-10 20:37:22
1667321313313-01,2026-10-08T11:39:31.5989215+00:00,7818,WebContinental Marketplace,webcontinentalmktplace,Faturado,APP,banner_app_dia_das_crianças,banner_app_dia_das_crianças,,5800,0,2018,0,2026-10-10 20:37:22
1667321313313-03,2026-10-08T11:39:31.5991699+00:00,7310,MiniPreço,minipreco,Faturado,APP,banner_app_dia_das_crianças,banner_app_dia_das_crianças,,5990,0,1320,0,2026-10-10 20:37:22
1667321313312-01,2026-10-08T11:35:01.7732620+00:00,50980,Electrolux,electrolux,Faturado,APP,app_barra_de_busca,app_barra_de_busca,,49990,0,990,0,2026-10-10 20:37:23
1667321313310-01,2026-10-08T11:30:57.0754092+00:00,34396,Multiloja,multilojaonline,Faturado,APP,app_barra_de_busca,app_barra_de_busca,,23990,0,10406,0,2026-10-10 20:37:23
1667311313309-01,2026-10-08T11:26:15.7076794+00:00,18265,WebContinental Marketplace,webcontinentalmktplace,Faturado,APP,banner_app_dia_das_crianças,banner_app_dia_das_crianças,,15990,0,2275,0,2026-10-10 20:37:23
1667311313303-01,2026-10-08T11:13:29.8447601+00:00,32282,WebContinental Marketplace,webcontinentalmktplace,Pagamento Aprovado,APP,app_barra_de_busca,app_barra_de_busca,,29990,0,2292,0,2026-10-10 20:37:23
1667311313298-01,2026-10-08T11:09:40.0052669+00:00,34951,Encantech Shop,loyalt,Faturado,APP,app_barra_de_busca,app_barra_de_busca,,25526,0,9425,0,2026-10-10 20:37:23
1667311313297-01,2026-10-08T11:08:45.3544529+00:00,30702,Philco,Philco,Faturado,PUSH,PUSHOVER,PUSHOVER0610,,25990,0,4712,0,2026-10-10 20:37:24
1667311313290-03,2026-10-08T10:45:02.5240084+00:00,10970,Indiana,farmaciaindiana,Faturado,APP,banner_app,banner_cat_moveis_app,,9439,0,1531,0,2026-10-10 20:37:24
1667311313290-01,2026-10-08T10:45:02.5237121+00:00,23214,Encantech Shop,loyalt,Faturado,APP,banner_app,banner_cat_moveis_app,,21980,0,1234,0,2026-10-10 20:37:24
1667311313290-02,2026-10-08T10:45:02.5239008+00:00,15061,Darkness,darknessafter,Faturado,APP,banner_app,banner_cat_moveis_app,,12900,0,2161,0,2026-10-10 20:37:24
1667311313289-01,2026-10-08T10:43:42.5413968+00:00,71890,Electrolux,electrolux,Faturado,APP,ver_todos_app,2026_03_18_ver_todos_app,,69900,0,1990,0,2026-10-10 20:37:24
1667311313287-01,2026-10-08T10:41:18.1689748+00:00,244890,Electrolux,electrolux,Faturado,APP,banner_app,banner_cat_eletrodomesticos_app,,239900,0,4990,0,2026-10-10 20:37:25
1667301313281-01,2026-10-08T10:23:58.5532252+00:00,24930,WebContinental Marketplace,webcontinentalmktplace,Faturado,APP,app_barra_de_busca,app_barra_de_busca,,9897,0,15033,0,2026-10-10 20:37:25
1667301313280-01,2026-10-08T10:23:42.1260738+00:00,55980,Electrolux,electrolux,Faturado,APP,app_barra_de_busca,app_barra_de_busca,,54990,0,990,0,2026-10-10 20:37:25
1667301313275-03,2026-10-08T10:04:23.1712011+00:00,10907,Electrolux,electrolux,Faturado,APP,app_barra_de_busca,app_barra_de_busca,,8990,0,1917,0,2026-10-10 20:37:25
1667301313275-02,2026-10-08T10:04:23.1711032+00:00,15273,WebContinental Marketplace,webcontinentalmktplace,Faturado,APP,app_barra_de_busca,app_barra_de_busca,,13921,0,1352,0,2026-10-10 20:37:25
1667301313275-01,2026-10-08T10:04:23.1709219+00:00,26359,Encantech Shop,loyalt,Faturado,APP,app_barra_de_busca,app_barra_de_busca,,24901,0,1458,0,2026-10-10 20:37:25
1667301313274-01,2026-10-08T09:52:17.0123977+00:00,81592,Encantech Shop,loyalt,Faturado,APP,banner_app,banner_gif_celulares_app,,80900,0,692,0,2026-10-10 20:37:26
1667301313273-01,2026-10-08T09:45:59.4021516+00:00,16347,MiniPreço,minipreco,Pagamento Aprovado,APP,app_barra_de_busca,app_barra_de_busca,,14999,0,1348,0,2026-10-10 20:37:26
1667301313272-01,2026-10-08T09:45:20.4965146+00:00,10305,Indiana,farmaciaindiana,Pagamento Aprovado,APP,banner_app_dia_das_crianças,banner_app_dia_das_crianças,,9422,0,883,0,2026-10-10 20:37:27
1667291313269-01,2026-10-08T09:22:38.9832575+00:00,20059,WebContinental Marketplace,webcontinentalmktplace,Faturado,APP,ver_todos_app,2026_03_18_ver_todos_app,,15590,0,4469,0,2026-10-10 20:37:27
1667291313268-01,2026-10-08T09:08:18.5291552+00:00,21490,Encantech Shop,loyalt,Faturado,APP,ver_todos_app,2026_03_18_ver_todos_app,,19990,0,1500,0,2026-10-10 20:37:27
1667291313267-01,2026-10-08T09:04:27.1750682+00:00,70899,WebContinental,webcontinental,Faturado,APP,app_barra_de_busca,app_barra_de_busca,,64900,0,5999,0,2026-10-10 20:37:27
1667281313262-01,2026-10-08T08:07:09.0603118+00:00,41302,WebContinental Marketplace,webcontinentalmktplace,Faturado,APP,app_barra_de_busca,app_barra_de_busca,,37990,0,3312,0,2026-10-10 20:37:27
1667271313259-01,2026-10-08T06:54:49.9698799+00:00,10487,WebContinental Marketplace,webcontinentalmktplace,Faturado,APP,app_barra_de_busca,app_barra_de_busca,,7113,0,3374,0,2026-10-10 20:37:28
1667261313257-01,2026-10-08T06:24:17.0376073+00:00,36022,Tetrix,tetrix,Faturado,APP,banner_app,banner_cat_moveis_app,,31990,0,4032,0,2026-10-10 20:37:28
1667251313242-01,2026-10-08T04:57:41.8730292+00:00,9080,Encantech Shop,loyalt,Faturado,APP,app_barra_de_busca,app_barra_de_busca,,7490,0,1590,0,2026-10-10 20:37:28
1667251313240-01,2026-10-08T04:41:38.3773594+00:00,53980,Electrolux,electrolux,Faturado,APP,app_barra_de_busca,app_barra_de_busca,,52990,0,990,0,2026-10-10 20:37:28
1667241313237-01,2026-10-08T04:28:39.4819610+00:00,2362,ROVITEX,rovitex,Faturado,APP,banner_app,banner_gif_celulares_app,,1063,0,1299,0,2026-10-10 20:37:28
1667241313236-01,2026-10-08T04:26:05.7064456+00:00,15283,WebContinental Marketplace,webcontinentalmktplace,Faturado,APP,app_barra_de_busca,app_barra_de_busca,,11990,0,3293,0,2026-10-10 20:37:28
1667241313235-01,2026-10-08T04:20:19.1206851+00:00,27391,Philco,Philco,Aguardando troca do seller,APP,banner_app,banner_cat_moveis_app,,24990,0,2401,0,2026-10-10 20:37:28
1667241313234-01,2026-10-08T04:03:53.0308509+00:00,16407,Encantech Shop,loyalt,Faturado,,,,,15265,0,1142,0,2026-10-10 20:37:29
1667241313233-01,2026-10-08T04:00:42.4192694+00:00,21281,Encantech Shop,loyalt,Faturado,APP,banner_app_dia_das_crianças,banner_app_dia_das_crianças,,19990,0,1291,0,2026-10-10 20:37:29
1667241313232-01,2026-10-08T04:00:11.4277858+00:00,19181,Philco,Philco,Faturado,,,,,13990,0,5191,0,2026-10-10 20:37:29
1667241313227-01,2026-10-08T03:39:09.9571655+00:00,31964,WebContinental Marketplace,webcontinentalmktplace,Faturado,APP,banner_app,banner_gif_celulares_app,,28990,0,2974,0,2026-10-10 20:37:29
1667231313226-01,2026-10-08T03:25:41.0708938+00:00,69069,WebContinental Marketplace,webcontinentalmktplace,Faturado,APP,banner_app,banner_cat_eletrodomesticos_app,,64990,0,4079,0,2026-10-10 20:37:30
1667231313222-01,2026-10-08T03:21:57.5339206+00:00,47641,WebContinental Marketplace,webcontinentalmktplace,Faturado,APP,banner_app,banner_cat_perfumes_app,,35591,0,12050,0,2026-10-10 20:37:30
1667231313221-01,2026-10-08T03:20:32.6114770+00:00,16945,Philco,Philco,Faturado,APP,banner_app,banner_cat_seminovos_app,,11990,0,4955,0,2026-10-10 20:37:30
1667231313220-01,2026-10-08T03:16:42.4498404+00:00,113900,Direct Stock,lojapositivo,Faturado,APP,app_barra_de_busca,app_barra_de_busca,,113900,0,0,0,2026-10-10 20:37:30
1667231313217-02,2026-10-08T02:58:00.0315870+00:00,78685,WebContinental Marketplace,webcontinentalmktplace,Faturado,APP,banner_app_dia_das_crianças,banner_app_dia_das_crianças,,69289,0,9396,0,2026-10-10 20:37:30
1667231313217-01,2026-10-08T02:58:00.0308532+00:00,22335,Philco,Philco,Faturado,APP,banner_app_dia_das_crianças,banner_app_dia_das_crianças,,19990,0,2345,0,2026-10-10 20:37:31
1667231313216-01,2026-10-08T02:52:56.2241043+00:00,32460,WebContinental Marketplace,webcontinentalmktplace,Faturado,APP,ver_todos_app,2026_03_18_ver_todos_app,,31980,0,480,0,2026-10-10 20:37:31
1667231313215-01,2026-10-08T02:50:49.0516924+00:00,27299,Encantech Shop,loyalt,Faturado,APP,banner_app,banner_gif_celulares_app,,26900,0,399,0,2026-10-10 20:37:31
1667231313212-02,2026-10-08T02:48:45.8729975+00:00,9980,Electrolux,electrolux,Faturado,APP,app_barra_de_busca,app_barra_de_busca,,8990,0,990,0,2026-10-10 20:37:31
1667231313212-01,2026-10-08T02:48:45.8727831+00:00,25386,WebContinental Marketplace,webcontinentalmktplace,Faturado,APP,app_barra_de_busca,app_barra_de_busca,,14578,0,10808,0,2026-10-10 20:37:31
1667231313212-03,2026-10-08T02:48:45.8731170+00:00,11427,Encantech Shop,loyalt,Faturado,APP,app_barra_de_busca,app_barra_de_busca,,10899,0,528,0,2026-10-10 20:37:31
1667231313206-01,2026-10-08T02:37:55.5179767+00:00,4742,Farma Conde,farmaconde,Faturado,APP,app_barra_de_busca,app_barra_de_busca,,2599,0,2143,0,2026-10-10 20:37:32
1667231313205-01,2026-10-08T02:35:59.2509095+00:00,12019,Encantech Shop,loyalt,Faturado,APP,app_barra_de_busca,app_barra_de_busca,,10899,0,1120,0,2026-10-10 20:37:32
1667221313199-01,2026-10-08T02:27:32.3878989+00:00,12940,WebContinental Marketplace,webcontinentalmktplace,Faturado,APP,app_barra_de_busca,app_barra_de_busca,,10990,0,1950,0,2026-10-10 20:37:32
1667221313191-01,2026-10-08T02:25:24.3867399+00:00,9298,ROVITEX,rovitex,Pagamento Aprovado,APP,banner_app_dia_das_crianças,banner_app_dia_das_crianças,,7999,0,1299,0,2026-10-10 20:37:32
1667221313191-02,2026-10-08T02:25:24.3869427+00:00,8258,MiniPreço,minipreco,Pagamento Aprovado,APP,banner_app_dia_das_crianças,banner_app_dia_das_crianças,,6990,0,1268,0,2026-10-10 20:37:32
1667221313188-01,2026-10-08T02:21:55.5853417+00:00,10270,WebContinental Marketplace,webcontinentalmktplace,Faturado,APP,app_barra_de_busca,app_barra_de_busca,,7489,0,2781,0,2026-10-10 20:37:33
1667221313181-01,2026-10-08T02:20:03.1958514+00:00,1008798,Shophub,shophub,Pagamento Pendente,APP,app_barra_de_busca,app_barra_de_busca,,990000,0,18798,0,2026-10-10 20:37:33
1667221313180-01,2026-10-08T02:19:21.4435676+00:00,22920,WebContinental Marketplace,webcontinentalmktplace,Faturado,APP,app_barra_de_busca,app_barra_de_busca,,19900,0,3020,0,2026-10-10 20:37:33
1667221313168-01,2026-10-08T02:07:05.0561966+00:00,2886,Indiana,farmaciaindiana,Faturado,APP,app_barra_de_busca,app_barra_de_busca,,1899,0,987,0,2026-10-10 20:37:33
1667221313166-01,2026-10-08T02:04:16.1742853+00:00,42818,Encantech Shop,loyalt,Faturado,APP,banner_app_dia_das_crianças,banner_app_dia_das_crianças,,40690,0,2128,0,2026-10-10 20:37:33
1667221313166-02,2026-10-08T02:04:16.1744819+00:00,26980,Electrolux,electrolux,Faturado,APP,banner_app_dia_das_crianças,banner_app_dia_das_crianças,,25990,0,990,0,2026-10-10 20:37:33
1667221313165-01,2026-10-08T02:03:29.1680780+00:00,2875,MiniPreço,minipreco,Faturado,APP,app_barra_de_busca,app_barra_de_busca,,1599,0,1276,0,2026-10-10 20:37:34
1667221313161-01,2026-10-08T01:58:56.9887549+00:00,60079,Philco,Philco,Faturado,APP,banner_app,banner_gif_tvs_app,,56970,0,3109,0,2026-10-10 20:37:34
1667221313157-01,2026-10-08T01:44:47.9329927+00:00,20144,Encantech Shop,loyalt,Faturado,APP,app_barra_de_busca,app_barra_de_busca,,16990,0,3154,0,2026-10-10 20:37:34
1667221313154-02,2026-10-08T01:42:38.7230308+00:00,10977,Indiana,farmaciaindiana,Faturado,APP,ver_todos_app,2026_03_18_ver_todos_app,,10116,0,861,0,2026-10-10 20:37:34
1667221313154-01,2026-10-08T01:42:38.7227459+00:00,6565,Pense Farma,pensefarma,Faturado,APP,ver_todos_app,2026_03_18_ver_todos_app,,3682,0,2883,0,2026-10-10 20:37:34
1667221313151-03,2026-10-08T01:41:49.4253720+00:00,5312,WebContinental Marketplace,webcontinentalmktplace,Pagamento Aprovado,APP,banner_app_dia_das_crianças,banner_app_dia_das_crianças,,3148,0,2164,0,2026-10-10 20:37:35
1667221313151-01,2026-10-08T01:41:49.4250131+00:00,4448,Indiana,farmaciaindiana,Faturado,APP,banner_app_dia_das_crianças,banner_app_dia_das_crianças,,3758,0,690,0,2026-10-10 20:37:35
1667221313151-02,2026-10-08T01:41:49.4252486+00:00,8163,Pense Farma,pensefarma,Faturado,APP,banner_app_dia_das_crianças,banner_app_dia_das_crianças,,6204,0,1959,0,2026-10-10 20:37:35
1667221313133-01,2026-10-08T01:35:07.5072173+00:00,2733,MiniPreço,minipreco,Pagamento Aprovado,APP,app_barra_de_busca,app_barra_de_busca,,1490,0,1243,0,2026-10-10 20:37:35
1667221313132-01,2026-10-08T01:34:30.0007825+00:00,126980,Multiloja,multilojaonline,Faturado,APP,app_barra_de_busca,app_barra_de_busca,,119990,0,6990,0,2026-10-10 20:37:35
1667221313131-01,2026-10-08T01:34:22.0036804+00:00,116261,MMPlace,compreja,Faturado,APP,app_barra_de_busca,app_barra_de_busca,,110308,0,5953,0,2026-10-10 20:37:36
1667221313130-01,2026-10-08T01:34:11.7647627+00:00,12083,Encantech Shop,loyalt,Faturado,,,,,11590,0,493,0,2026-10-10 20:37:36
1667211313121-01,2026-10-08T01:24:23.8785570+00:00,81890,Electrolux,electrolux,Faturado,APP,app_barra_de_busca,app_barra_de_busca,,79900,0,1990,0,2026-10-10 20:37:36
1667211313119-01,2026-10-08T01:23:48.3963399+00:00,4679,MiniPreço,minipreco,Pagamento Aprovado,APP,app_barra_de_busca,app_barra_de_busca,,3198,0,1481,0,2026-10-10 20:37:37
1667211313113-05,2026-10-08T01:21:42.2234175+00:00,3033,MiniPreço,minipreco,Pagamento Aprovado,APP,app_barra_de_busca,app_barra_de_busca,,1999,0,1034,0,2026-10-10 20:37:37
1667211313113-03,2026-10-08T01:21:42.2231443+00:00,7065,Farma Conde,farmaconde,Faturado,APP,app_barra_de_busca,app_barra_de_busca,,4899,0,2166,0,2026-10-10 20:37:37
1667211313118-01,2026-10-08T01:21:42.6338508+00:00,12921,Indiana,farmaciaindiana,Faturado,APP,app_barra_de_busca,app_barra_de_busca,,12099,0,822,0,2026-10-10 20:37:37
1667211313113-04,2026-10-08T01:21:42.2232597+00:00,9747,Pense Farma,pensefarma,Faturado,APP,app_barra_de_busca,app_barra_de_busca,,7773,0,1974,0,2026-10-10 20:37:37
1667211313113-02,2026-10-08T01:21:42.2229674+00:00,25258,Indiana,farmaciaindiana,Faturado,APP,app_barra_de_busca,app_barra_de_busca,,24305,0,953,0,2026-10-10 20:37:38
1667211313113-01,2026-10-08T01:21:42.2227459+00:00,13891,WebContinental Marketplace,webcontinentalmktplace,Faturado,APP,app_barra_de_busca,app_barra_de_busca,,9990,0,3901,0,2026-10-10 20:37:38
1667211313105-01,2026-10-08T01:13:46.2607571+00:00,30315,Multiloja,multilojaonline,Faturado,APP,app_barra_de_busca,app_barra_de_busca,,25990,0,4325,0,2026-10-10 20:37:38
1667211313104-01,2026-10-08T01:11:55.5908020+00:00,224018,Encantech Shop,loyalt,Faturado,APP,banner_app,banner_gif_celulares_app,,221560,0,2458,0,2026-10-10 20:37:38
1667211313081-01,2026-10-08T00:59:11.8500560+00:00,20478,Encantech Shop,loyalt,Faturado,APP,app_barra_de_busca,app_barra_de_busca,,19950,0,528,0,2026-10-10 20:37:39
1667211313080-01,2026-10-08T00:59:05.0087974+00:00,39999,Madesa,madesa,Faturado,APP,banner_app_dia_das_crianças,banner_app_dia_das_crianças,,39999,0,0,0,2026-10-10 20:37:39
1667211313079-01,2026-10-08T00:59:01.4214322+00:00,9980,Electrolux,electrolux,Faturado,APP,banner_app,banner_cat_casa-e-cozinha_app,,8990,0,990,0,2026-10-10 20:37:39
1667211313066-02,2026-10-08T00:49:26.3351269+00:00,26701,WebContinental Marketplace,webcontinentalmktplace,Faturado,APP,ver_todos_app,2026_03_18_ver_todos_app,,18999,0,7702,0,2026-10-10 20:37:39
1667211313066-01,2026-10-08T00:49:26.3349179+00:00,49662,Multiloja,multilojaonline,Faturado,APP,ver_todos_app,2026_03_18_ver_todos_app,,39990,0,9672,0,2026-10-10 20:37:39
1667211313065-01,2026-10-08T00:49:09.9909276+00:00,41674,Encantech Shop,loyalt,Faturado,APP,app_barra_de_busca,app_barra_de_busca,,39900,0,1774,0,2026-10-10 20:37:39
1667211313064-01,2026-10-08T00:48:23.5155683+00:00,16495,WebContinental Marketplace,webcontinentalmktplace,Faturado,APP,banner_app,banner_gif_celulares_app,,14300,0,2195,0,2026-10-10 20:37:39
1667211313063-01,2026-10-08T00:47:40.8109936+00:00,5669,Indiana,farmaciaindiana,Faturado,APP,ver_todos_app,2026_03_18_ver_todos_app,,4848,0,821,0,2026-10-10 20:37:40
1667211313062-01,2026-10-08T00:46:53.4574469+00:00,16417,Shophub,shophub,Pagamento Aprovado,APP,app_barra_de_busca,app_barra_de_busca,,13097,0,3320,0,2026-10-10 20:37:40
1667211313058-01,2026-10-08T00:43:35.5280057+00:00,21489,Encantech Shop,loyalt,Faturado,APP,banner_app,banner_cat_eletrodomesticos_app,,19990,0,1499,0,2026-10-10 20:37:40
1667211313058-02,2026-10-08T00:43:35.5283489+00:00,129992,WebContinental Marketplace,webcontinentalmktplace,Faturado,APP,banner_app,banner_cat_eletrodomesticos_app,,129992,0,0,0,2026-10-10 20:37:40
1667211313057-01,2026-10-08T00:43:23.9263618+00:00,50499,Encantech Shop,loyalt,Faturado,APP,ver_todos_app,2026_03_18_ver_todos_app,,49899,0,600,0,2026-10-10 20:37:40
1667211313052-01,2026-10-08T00:40:37.2820290+00:00,21919,WebContinental Marketplace,webcontinentalmktplace,Faturado,APP,app_barra_de_busca,app_barra_de_busca,,18950,0,2969,0,2026-10-10 20:37:40
1667211313047-01,2026-10-08T00:39:02.2621280+00:00,30139,WebContinental Marketplace,webcontinentalmktplace,Faturado,APP,ver_todos_app,2026_03_18_ver_todos_app,,22990,0,7149,0,2026-10-10 20:37:41
1667211313040-01,2026-10-08T00:33:01.3946030+00:00,53735,WebContinental Marketplace,webcontinentalmktplace,Faturado,APP,app_barra_de_busca,app_barra_de_busca,,45990,0,7745,0,2026-10-10 20:37:41
1667211313034-01,2026-10-08T00:31:21.1571569+00:00,31214,Multiloja,multilojaonline,Faturado,APP,banner_app,banner_cat_moveis_app,,27990,0,3224,0,2026-10-10 20:37:41
1667211313031-01,2026-10-08T00:30:43.1238840+00:00,28985,WebContinental Marketplace,webcontinentalmktplace,Faturado,APP,banner_app_dia_das_crianças,banner_app_dia_das_crianças,,19990,0,8995,0,2026-10-10 20:37:41
1667201313029-01,2026-10-08T00:29:56.8366274+00:00,10436,Indiana,farmaciaindiana,Faturado,APP,ver_todos_app,2026_03_18_ver_todos_app,,9900,0,536,0,2026-10-10 20:37:42
1667201313028-01,2026-10-08T00:29:33.8145264+00:00,62211,MMPlace,compreja,Faturado,APP,banner_app,banner_gif_celulares_app,,62211,0,0,0,2026-10-10 20:37:42
1667201313027-01,2026-10-08T00:28:58.1245223+00:00,110140,Multiloja,multilojaonline,Faturado,APP,ver_todos_app,2026_03_18_ver_todos_app,,100990,0,9150,0,2026-10-10 20:37:42
1667201313025-01,2026-10-08T00:25:10.8504887+00:00,20406,MMPlace,compreja,Faturado,APP,banner_app_dia_das_crianças,banner_app_dia_das_crianças,,18990,0,1416,0,2026-10-10 20:37:42
1667201313021-01,2026-10-08T00:22:42.1600778+00:00,12299,Encantech Shop,loyalt,Faturado,APP,app_barra_de_busca,app_barra_de_busca,,11768,0,531,0,2026-10-10 20:37:42
1667201313019-02,2026-10-08T00:22:31.2662812+00:00,13498,ROVITEX,rovitex,Faturado,APP,app_barra_de_busca,app_barra_de_busca,,11899,0,1599,0,2026-10-10 20:37:43
1667201313019-01,2026-10-08T00:22:31.2660086+00:00,66940,WebContinental Marketplace,webcontinentalmktplace,Faturado,APP,app_barra_de_busca,app_barra_de_busca,,64990,0,1950,0,2026-10-10 20:37:43
1667201313015-01,2026-10-08T00:21:57.9523317+00:00,34637,Philco,Philco,Faturado,APP,banner_gif_celulares_88,banner_gif_celulares_88,,31990,0,2647,0,2026-10-10 20:37:43
1667201313013-01,2026-10-08T00:21:26.4167476+00:00,47715,Indiana,farmaciaindiana,Faturado,APP,banner_app,banner_cat_seminovos_app,,44730,0,2985,0,2026-10-10 20:37:43
1667201313012-01,2026-10-08T00:20:29.3175982+00:00,24116,WebContinental Marketplace,webcontinentalmktplace,Faturado,APP,banner_app,banner_cat_eletrodomesticos_app,,23414,0,702,0,2026-10-10 20:37:43
1667201313008-01,2026-10-08T00:15:53.0891514+00:00,41640,Philco,Philco,Faturado,APP,app_barra_de_busca,app_barra_de_busca,,33990,0,7650,0,2026-10-10 20:37:43
1667201313003-01,2026-10-08T00:09:21.2982816+00:00,25008,Philco,Philco,Faturado,APP,app_barra_de_busca,app_barra_de_busca,,22990,0,2018,0,2026-10-10 20:37:44
1667201313001-01,2026-10-08T00:06:53.6139668+00:00,26980,Electrolux,electrolux,Faturado,APP,cat_app_8xsemjuros,cat_app_8xsemjuros,,25990,0,990,0,2026-10-10 20:37:44
1667201312998-01,2026-10-08T00:05:03.6271274+00:00,16665,WebContinental Marketplace,webcontinentalmktplace,Faturado,APP,app_barra_de_busca,app_barra_de_busca,,14300,0,2365,0,2026-10-10 20:37:44
1667201312998-02,2026-10-08T00:05:03.6273100+00:00,13958,Encantech Shop,loyalt,Faturado,APP,app_barra_de_busca,app_barra_de_busca,,12511,0,1447,0,2026-10-10 20:37:44
1667201312995-01,2026-10-07T23:59:22.9097058+00:00,82718,Encantech Shop,loyalt,Faturado,APP,banner_app_aniversario,banner_app_aniversario,,80900,0,1818,0,2026-10-10 20:37:44
1667201312994-01,2026-10-07T23:59:02.7900108+00:00,32085,Philco,Philco,Faturado,APP,app_barra_de_busca,app_barra_de_busca,,29990,0,2095,0,2026-10-10 20:37:45
1667201312991-01,2026-10-07T23:57:35.7421327+00:00,17980,Electrolux,electrolux,Faturado,APP,banner_app_dia_das_crianças,banner_app_dia_das_crianças,,16990,0,990,0,2026-10-10 20:37:45
1667201312990-01,2026-10-07T23:57:08.6768092+00:00,25758,Encantech Shop,loyalt,Faturado,APP,ver_todos_app,2026_03_18_ver_todos_app,,19990,0,5768,0,2026-10-10 20:37:45
1667201312987-01,2026-10-07T23:54:31.6184111+00:00,25980,Electrolux,electrolux,Faturado,APP,ver_todos_app,2026_03_18_ver_todos_app,,24990,0,990,0,2026-10-10 20:37:45
1667201312985-01,2026-10-07T23:54:06.1247315+00:00,128400,WebContinental Marketplace,webcontinentalmktplace,Faturado,APP,app_barra_de_busca,app_barra_de_busca,,127920,0,480,0,2026-10-10 20:37:45
1667201312981-01,2026-10-07T23:50:26.3256739+00:00,11944,Encantech Shop,loyalt,Faturado,APP,app_barra_de_busca,app_barra_de_busca,,10899,0,1045,0,2026-10-10 20:37:46
1667201312980-01,2026-10-07T23:50:05.6502029+00:00,16246,Encantech Shop,loyalt,Faturado,APP,app_barra_de_busca,app_barra_de_busca,,14490,0,1756,0,2026-10-10 20:37:46
1667201312975-01,2026-10-07T23:44:28.3996282+00:00,12141,Encantech Shop,loyalt,Faturado,APP,ver_todos_app,2026_03_18_ver_todos_app,,11768,0,373,0,2026-10-10 20:37:46
1667201312974-01,2026-10-07T23:44:06.9283699+00:00,85802,WebContinental Marketplace,webcontinentalmktplace,Faturado,APP,app_barra_de_busca,app_barra_de_busca,,67599,0,18203,0,2026-10-10 20:37:46
1667201312972-01,2026-10-07T23:42:56.3277674+00:00,52980,Electrolux,electrolux,Faturado,APP,app_barra_de_busca,app_barra_de_busca,,51990,0,990,0,2026-10-10 20:37:47
1667201312971-01,2026-10-07T23:41:52.7655407+00:00,9584,Indiana,farmaciaindiana,Faturado,APP,ver_todos_app,2026_03_18_ver_todos_app,,8579,0,1005,0,2026-10-10 20:37:47
1667201312969-02,2026-10-07T23:41:22.5051652+00:00,2737,Farma Conde,farmaconde,Faturado,APP,app_barra_de_busca,app_barra_de_busca,,949,0,1788,0,2026-10-10 20:37:47
1667201312969-01,2026-10-07T23:41:22.5049127+00:00,9552,Indiana,farmaciaindiana,Pagamento Aprovado,APP,app_barra_de_busca,app_barra_de_busca,,8557,0,995,0,2026-10-10 20:37:47
1667201312961-01,2026-10-07T23:37:47.1587823+00:00,53695,Multiloja,multilojaonline,Faturado,PUSH,	PUSH,07102026PUSHOVERQUARTA,,43990,0,9705,0,2026-10-10 20:37:48
1667201312960-01,2026-10-07T23:35:43.7820314+00:00,15419,Indiana,farmaciaindiana,Faturado,APP,app_barra_de_busca,app_barra_de_busca,,14590,0,829,0,2026-10-10 20:37:48
1667201312959-01,2026-10-07T23:34:12.3497920+00:00,14445,Indiana,farmaciaindiana,Faturado,APP,app_barra_de_busca,app_barra_de_busca,,13306,0,1139,0,2026-10-10 20:37:48
1667191312958-01,2026-10-07T23:29:42.6212396+00:00,223890,Electrolux,electrolux,Faturado,APP,app_barra_de_busca,app_barra_de_busca,,219900,0,3990,0,2026-10-10 20:37:48
1667191312957-01,2026-10-07T23:28:00.0756023+00:00,9598,WebContinental Marketplace,webcontinentalmktplace,Faturado,APP,ver_todos_app,2026_03_18_ver_todos_app,,6798,0,2800,0,2026-10-10 20:37:49
1667191312947-01,2026-10-07T23:13:37.9214000+00:00,31706,WebContinental Marketplace,webcontinentalmktplace,Faturado,APP,app_barra_de_busca,app_barra_de_busca,,28900,0,2806,0,2026-10-10 20:37:49
1667191312945-01,2026-10-07T23:10:17.6128773+00:00,17517,WebContinental Marketplace,webcontinentalmktplace,Faturado,APP,banner_app,banner_cat_eletroportateis_app,,15990,0,1527,0,2026-10-10 20:37:49
1667191312945-02,2026-10-07T23:10:17.6130459+00:00,9980,Electrolux,electrolux,Faturado,APP,banner_app,banner_cat_eletroportateis_app,,8990,0,990,0,2026-10-10 20:37:50
1667191312943-02,2026-10-07T23:09:38.4543519+00:00,11879,WebContinental Marketplace,webcontinentalmktplace,Faturado,APP,banner_app_dia_das_crianças,banner_app_dia_das_crianças,,7590,0,4289,0,2026-10-10 20:37:51
1667191312943-01,2026-10-07T23:09:38.4541744+00:00,9980,Electrolux,electrolux,Faturado,APP,banner_app_dia_das_crianças,banner_app_dia_das_crianças,,8990,0,990,0,2026-10-10 20:37:51
1667191312941-01,2026-10-07T23:07:48.3592503+00:00,10600,Encantech Shop,loyalt,Faturado,APP,ver_todos_app,2026_03_18_ver_todos_app,,9900,0,700,0,2026-10-10 20:37:51
1667191312939-02,2026-10-07T23:06:20.6223310+00:00,14842,Encantech Shop,loyalt,Faturado,APP,app_barra_de_busca,app_barra_de_busca,,14155,0,687,0,2026-10-10 20:37:52
1667191312939-01,2026-10-07T23:06:20.6220936+00:00,24744,WebContinental Marketplace,webcontinentalmktplace,Faturado,APP,app_barra_de_busca,app_barra_de_busca,,21990,0,2754,0,2026-10-10 20:37:52
1667191312937-01,2026-10-07T23:05:51.8271558+00:00,9321,Encantech Shop,loyalt,Faturado,,,,,8590,0,731,0,2026-10-10 20:37:52
1667191312933-01,2026-10-07T23:03:35.6660073+00:00,10074,MMPlace,compreja,Faturado,APP,ver_todos_app,2026_03_18_ver_todos_app,,10074,0,0,0,2026-10-10 20:37:53
1667191312925-02,2026-10-07T23:03:09.9576889+00:00,8122,WebContinental Marketplace,webcontinentalmktplace,Faturado,APP,banner_app_dia_das_crianças,banner_app_dia_das_crianças,,6372,0,1750,0,2026-10-10 20:37:55
1667191312925-01,2026-10-07T23:03:09.9573770+00:00,5861,Indiana,farmaciaindiana,Faturado,APP,banner_app_dia_das_crianças,banner_app_dia_das_crianças,,5168,0,693,0,2026-10-10 20:37:55
1667191312922-01,2026-10-07T23:01:32.8050584+00:00,48219,Encantech Shop,loyalt,Pagamento Aprovado,APP,app_barra_de_busca,app_barra_de_busca,,46900,0,1319,0,2026-10-10 20:37:56
1667191312915-01,2026-10-07T22:58:06.3348454+00:00,25512,WebContinental Marketplace,webcontinentalmktplace,Faturado,APP,banner_app,banner_cat_moveis_app,,17151,0,8361,0,2026-10-10 20:37:56
1667191312912-01,2026-10-07T22:57:25.7068936+00:00,13561,WebContinental Marketplace,webcontinentalmktplace,Faturado,APP,ver_todos_app,2026_03_18_ver_todos_app,,5970,0,7591,0,2026-10-10 20:37:57
1667191312910-01,2026-10-07T22:55:57.5109467+00:00,99989,Madesa,madesa,Faturado,APP,app_barra_de_busca,app_barra_de_busca,,89999,0,9990,0,2026-10-10 20:37:57
1667191312908-01,2026-10-07T22:53:28.8150393+00:00,55521,Encantech Shop,loyalt,Faturado,APP,banner_app,banner_gif_celulares_app,,52900,0,2621,0,2026-10-10 20:37:57
1667191312903-01,2026-10-07T22:48:36.8456562+00:00,33980,Electrolux,electrolux,Faturado,APP,ver_todos_app,2026_03_18_ver_todos_app,,32990,0,990,0,2026-10-10 20:37:58
1667191312898-01,2026-10-07T22:44:14.9015596+00:00,16115,MiniPreço,minipreco,Faturado,APP,app_barra_de_busca,app_barra_de_busca,,20479,0,2376,0,2026-10-10 20:37:58
1667191312895-01,2026-10-07T22:42:55.9083541+00:00,120549,Encantech Shop,loyalt,Faturado,APP,banner_app,banner_gif_celulares_app,,119889,0,660,0,2026-10-10 20:37:58
1667191312893-01,2026-10-07T22:40:04.4525622+00:00,28268,Loja Taiff,lojataiff2,Faturado,APP,app_barra_de_busca,app_barra_de_busca,,26991,0,1277,0,2026-10-10 20:37:58
1667191312890-01,2026-10-07T22:36:58.2151859+00:00,6885,Loja Marin Brasil,lojamarinbrasil,Faturado,APP,app_barra_de_busca,app_barra_de_busca,,5390,0,1495,0,2026-10-10 20:38:00
1667191312888-01,2026-10-07T22:36:15.9044543+00:00,55521,Encantech Shop,loyalt,Faturado,APP,app_barra_de_busca,app_barra_de_busca,,52900,0,2621,0,2026-10-10 20:38:00
1667191312886-01,2026-10-07T22:35:24.1449054+00:00,37557,MiniPreço,minipreco,Pagamento Aprovado,APP,app_barra_de_busca,app_barra_de_busca,,34985,0,2572,0,2026-10-10 20:38:00
1667191312885-01,2026-10-07T22:34:53.3980983+00:00,60559,Philco,Philco,Faturado,PUSH,PUSH,07102026PUSHPHILCO,,54990,0,5569,0,2026-10-10 20:38:01
1667191312879-01,2026-10-07T22:32:35.8338283+00:00,10388,WebContinental Marketplace,webcontinentalmktplace,Faturado,APP,ver_todos_app,2026_03_18_ver_todos_app,,8990,0,1398,0,2026-10-10 20:38:01
1667191312876-01,2026-10-07T22:31:07.3260111+00:00,57645,Encantech Shop,loyalt,Faturado,,,,,54500,0,3145,0,2026-10-10 20:38:01
1667181312874-01,2026-10-07T22:29:13.0727045+00:00,19878,Philco,Philco,Faturado,APP,app_barra_de_busca,app_barra_de_busca,,14990,0,4888,0,2026-10-10 20:38:01
1667181312873-01,2026-10-07T22:25:31.3189799+00:00,58214,Philco,Philco,Faturado,APP,ver_todos_app,2026_03_18_ver_todos_app,,46990,0,11224,0,2026-10-10 20:38:02
1667181312872-01,2026-10-07T22:23:20.8214691+00:00,16054,Encantech Shop,loyalt,Faturado,APP,banner_app_dia_das_crianças,banner_app_dia_das_crianças,,14464,0,1590,0,2026-10-10 20:38:02
1667181312869-01,2026-10-07T22:21:03.9320359+00:00,17954,Encantech Shop,loyalt,Faturado,APP,app_barra_de_busca,app_barra_de_busca,,17490,0,464,0,2026-10-10 20:38:02
1667181312868-01,2026-10-07T22:20:44.1491438+00:00,28624,WebContinental Marketplace,webcontinentalmktplace,Faturado,APP,banner_app_dia_das_crianças,banner_app_dia_das_crianças,,26400,0,2224,0,2026-10-10 20:38:03
1667181312861-01,2026-10-07T22:18:00.3654695+00:00,7110,Encantech Shop,loyalt,Faturado,APP,ver_todos_app,2026_03_18_ver_todos_app,,4990,0,2120,0,2026-10-10 20:38:03
1667181312860-01,2026-10-07T22:17:34.5450853+00:00,34549,Encantech Shop,loyalt,Faturado,APP,banner_app,banner_gif_celulares_app,,31990,0,2559,0,2026-10-10 20:38:03
1667181312859-01,2026-10-07T22:17:13.5742124+00:00,100470,WebContinental Marketplace,webcontinentalmktplace,Faturado,APP,app_barra_de_busca,app_barra_de_busca,,82990,0,17480,0,2026-10-10 20:38:03
1667181312856-01,2026-10-07T22:14:32.9656047+00:00,126042,WebContinental Marketplace,webcontinentalmktplace,Faturado,PUSH,	PUSH,07102026PUSHOVERQUARTA,,122371,0,3671,0,2026-10-10 20:38:04
1667181312855-01,2026-10-07T22:11:51.6478464+00:00,101137,WebContinental Marketplace,webcontinentalmktplace,Faturado,APP,banner_app,banner_gif_celulares_app,,94514,0,6623,0,2026-10-10 20:38:04
1667181312849-01,2026-10-07T22:04:39.7109774+00:00,11072,WebContinental Marketplace,webcontinentalmktplace,Faturado,APP,app_barra_de_busca,app_barra_de_busca,,8990,0,2082,0,2026-10-10 20:38:04
1667181312847-01,2026-10-07T22:04:16.5521956+00:00,25851,Philco,Philco,Faturado,APP,app_barra_de_busca,app_barra_de_busca,,22990,0,2861,0,2026-10-10 20:38:04
1667181312846-01,2026-10-07T22:02:27.8419264+00:00,79476,Multiloja,multilojaonline,Faturado,APP,app_barra_de_busca,app_barra_de_busca,,65990,0,13486,0,2026-10-10 20:38:05
1667181312837-01,2026-10-07T21:59:29.9550363+00:00,21029,Philco,Philco,Faturado,APP,banner_app,banner_cat_seminovos_app,,18990,0,2039,0,2026-10-10 20:38:05
1667181312835-01,2026-10-07T21:57:16.3315504+00:00,43980,Electrolux,electrolux,Faturado,,,,,42990,0,990,0,2026-10-10 20:38:05
1667181312833-01,2026-10-07T21:56:53.6234943+00:00,9980,Electrolux,electrolux,Faturado,APP,app_barra_de_busca,app_barra_de_busca,,8990,0,990,0,2026-10-10 20:38:06
1667181312827-01,2026-10-07T21:55:17.1986888+00:00,15087,WebContinental Marketplace,webcontinentalmktplace,Faturado,APP,app_barra_de_busca,app_barra_de_busca,,12599,0,2488,0,2026-10-10 20:38:06
1667181312825-01,2026-10-07T21:52:02.8928240+00:00,4097,MiniPreço,minipreco,Pagamento Aprovado,APP,banner_app_dia_das_crianças,banner_app_dia_das_crianças,,2999,0,1098,0,2026-10-10 20:38:06
1667181312823-01,2026-10-07T21:51:07.3003482+00:00,21380,Encantech Shop,loyalt,Faturado,APP,banner_app,banner_cat_eletrodomesticos_app,,14990,0,6390,0,2026-10-10 20:38:06
1667181312818-01,2026-10-07T21:46:44.2464416+00:00,18761,MiniPreço,minipreco,Pagamento Aprovado,APP,banner_app_dia_das_crianças,banner_app_dia_das_crianças,,16999,0,1762,0,2026-10-10 20:38:07
1667181312817-01,2026-10-07T21:45:58.8127957+00:00,61890,Electrolux,electrolux,Faturado,APP,app_barra_de_busca,app_barra_de_busca,,59900,0,1990,0,2026-10-10 20:38:07
1667181312809-01,2026-10-07T21:41:46.7871426+00:00,116457,WebContinental Marketplace,webcontinentalmktplace,Faturado,APP,banner_app,banner_gif_celulares_app,,109999,0,6458,0,2026-10-10 20:38:07
1667181312805-01,2026-10-07T21:39:33.9228723+00:00,51257,Philco,Philco,Faturado,APP,banner_app_dia_das_crianças,banner_app_dia_das_crianças,,45990,0,5267,0,2026-10-10 20:38:08
1667181312804-01,2026-10-07T21:37:34.0638046+00:00,16587,Encantech Shop,loyalt,Faturado,APP,app_barra_de_busca,app_barra_de_busca,,15547,0,1040,0,2026-10-10 20:38:08
1667171312788-01,2026-10-07T21:29:48.3021463+00:00,16646,Encantech Shop,loyalt,Faturado,APP,app_barra_de_busca,app_barra_de_busca,,12990,0,3656,0,2026-10-10 20:38:08
1667171312785-01,2026-10-07T21:28:11.1971009+00:00,21655,Encantech Shop,loyalt,Faturado,APP,banner_app_dia_das_crianças,banner_app_dia_das_crianças,,19990,0,1665,0,2026-10-10 20:38:08
1667171312777-01,2026-10-07T21:23:22.7507739+00:00,20550,Encantech Shop,loyalt,Faturado,APP,banner_app,banner_cat_eletrodomesticos_app,,19950,0,600,0,2026-10-10 20:38:09
1667171312770-01,2026-10-07T21:19:15.1104724+00:00,131408,WebContinental Marketplace,webcontinentalmktplace,Faturado,APP,app_barra_de_busca,app_barra_de_busca,,121765,0,9643,0,2026-10-10 20:38:09
1667171312765-01,2026-10-07T21:13:05.6957847+00:00,51810,WebContinental Marketplace,webcontinentalmktplace,Pagamento Aprovado,APP,banner_app_dia_das_crianças,banner_app_dia_das_crianças,,43990,0,7820,0,2026-10-10 20:38:09
1667171312761-01,2026-10-07T21:07:17.3850937+00:00,11863,Encantech Shop,loyalt,Faturado,APP,banner_app,banner_cat_cabelos_app,,11100,0,763,0,2026-10-10 20:38:09
1667171312760-01,2026-10-07T21:06:33.0126058+00:00,97980,Multiloja,multilojaonline,Faturado,APP,ver_todos_app,2026_03_18_ver_todos_app,,89990,0,7990,0,2026-10-10 20:38:10
1667171312759-01,2026-10-07T21:04:55.1151043+00:00,35354,Loja Marin Brasil,lojamarinbrasil,Faturado,APP,app_barra_de_busca,app_barra_de_busca,,32890,0,2464,0,2026-10-10 20:38:10
1667171312754-01,2026-10-07T21:01:45.0408538+00:00,7417,Indiana,farmaciaindiana,Faturado,APP,banner_app,banner_gif_celulares_app,,6390,0,1027,0,2026-10-10 20:38:11
1667171312752-02,2026-10-07T21:01:30.5638909+00:00,9163,Guimepa,guimepa,Faturado,APP,app_barra_de_busca,app_barra_de_busca,,5580,0,3583,0,2026-10-10 20:38:11
1667171312752-01,2026-10-07T21:01:30.5636837+00:00,7282,WebContinental Marketplace,webcontinentalmktplace,Faturado,APP,app_barra_de_busca,app_barra_de_busca,,4542,0,2740,0,2026-10-10 20:38:11
1667171312744-01,2026-10-07T20:58:15.8556921+00:00,9623,Bumerang Brinquedos,bumerangbrinquedos,Faturado,PUSH,	PUSH,07102026PUSHOVERQUARTA,,7999,0,1624,0,2026-10-10 20:38:12
1667171312725-01,2026-10-07T20:48:44.5657516+00:00,16303,WebContinental Marketplace,webcontinentalmktplace,Faturado,APP,app_barra_de_busca,app_barra_de_busca,,13990,0,2313,0,2026-10-10 20:38:12
1667171312723-01,2026-10-07T20:46:01.4210801+00:00,10696,Electrolux,electrolux,Faturado,APP,app_barra_de_busca,app_barra_de_busca,,8990,0,1706,0,2026-10-10 20:38:12
1667171312721-02,2026-10-07T20:43:36.5856662+00:00,12979,WebContinental Marketplace,webcontinentalmktplace,Faturado,APP,app_barra_de_busca,app_barra_de_busca,,7875,0,5104,0,2026-10-10 20:38:12
1667171312721-01,2026-10-07T20:43:36.5854854+00:00,1789,MiniPreço,minipreco,Pagamento Aprovado,APP,app_barra_de_busca,app_barra_de_busca,,395,0,1394,0,2026-10-10 20:38:13
1667171312720-01,2026-10-07T20:41:28.5748194+00:00,28752,Bumerang Brinquedos,bumerangbrinquedos,Faturado,APP,app_barra_de_busca,app_barra_de_busca,,26999,0,1753,0,2026-10-10 20:38:13
1667171312718-01,2026-10-07T20:40:01.6289239+00:00,10619,Encantech Shop,loyalt,Faturado,APP,banner_app_dia_das_crianças,banner_app_dia_das_crianças,,10149,0,470,0,2026-10-10 20:38:13
1667171312713-01,2026-10-07T20:31:47.2373811+00:00,54890,Electrolux,electrolux,Pagamento Aprovado,APP,banner_app,banner_gif_tvs_app,,52900,0,1990,0,2026-10-10 20:38:14
1667161312710-01,2026-10-07T20:28:44.0764535+00:00,68858,Encantech Shop,loyalt,Faturado,APP,ver_todos_app,2026_03_18_ver_todos_app,,64694,0,4164,0,2026-10-10 20:38:14
1667161312707-01,2026-10-07T20:21:06.3741867+00:00,27757,Encantech Shop,loyalt,Faturado,APP,app_barra_de_busca,app_barra_de_busca,,26900,0,857,0,2026-10-10 20:38:14
1667161312702-01,2026-10-07T20:13:10.7007272+00:00,19688,Philco,Philco,Faturado,APP,app_barra_de_busca,app_barra_de_busca,,13990,0,5698,0,2026-10-10 20:38:14
1667161312700-01,2026-10-07T20:10:15.8949605+00:00,124941,WebContinental Marketplace,webcontinentalmktplace,Faturado,APP,app_barra_de_busca,app_barra_de_busca,,110990,0,13951,0,2026-10-10 20:38:15
1667161312698-01,2026-10-07T20:09:59.1341673+00:00,10713,Indiana,farmaciaindiana,Faturado,APP,banner_app_dia_das_crianças,banner_app_dia_das_crianças,,9999,0,714,0,2026-10-10 20:38:15
1667161312697-01,2026-10-07T20:08:10.6417624+00:00,141874,Encantech Shop,loyalt,Faturado,APP,banner_app,banner_gif_tvs_app,,139900,0,1974,0,2026-10-10 20:38:15
1667161312694-01,2026-10-07T20:03:32.9895462+00:00,11922,WebContinental Marketplace,webcontinentalmktplace,Faturado,APP,app_barra_de_busca,app_barra_de_busca,,8938,0,2984,0,2026-10-10 20:38:15
1667161312691-02,2026-10-07T19:55:40.3967453+00:00,5896,Loja Marin Brasil,lojamarinbrasil,Faturado,APP,app_barra_de_busca,app_barra_de_busca,,4290,0,1606,0,2026-10-10 20:38:16
1667161312691-02,2026-10-07T19:55:40.3967453+00:00,5896,Loja Marin Brasil,lojamarinbrasil,Faturado,APP,app_barra_de_busca,app_barra_de_busca,,4290,0,1606,0,2026-10-10 20:38:16
1667161312689-01,2026-10-07T19:51:16.8156638+00:00,34949,WebContinental Marketplace,webcontinentalmktplace,Faturado,APP,banner_app_dia_das_crianças,banner_app_dia_das_crianças,,25762,0,9187,0,2026-10-10 20:38:16
1667161312686-01,2026-10-07T19:45:49.6844851+00:00,107693,Philco,Philco,Faturado,APP,banner_app,banner_cat_eletrodomesticos_app,,104990,0,2703,0,2026-10-10 20:38:17
1667161312682-01,2026-10-07T19:40:28.7461076+00:00,17980,Electrolux,electrolux,Faturado,APP,banner_app,banner_cat_eletrodomesticos_app,,16990,0,990,0,2026-10-10 20:38:18
1667161312681-01,2026-10-07T19:36:17.6038399+00:00,58804,Encantech Shop,loyalt,Faturado,APP,app_barra_de_busca,app_barra_de_busca,,57900,0,904,0,2026-10-10 20:38:18
1667161312678-01,2026-10-07T19:32:25.7083543+00:00,17660,Encantech Shop,loyalt,Faturado,APP,banner_app,banner_cat_moveis_app,,17000,0,660,0,2026-10-10 20:38:18
1667151312675-01,2026-10-07T19:26:10.6663592+00:00,24593,Loja Marin Brasil,lojamarinbrasil,Faturado,APP,app_barra_de_busca,app_barra_de_busca,,22990,0,1603,0,2026-10-10 20:38:19
1667151312674-01,2026-10-07T19:22:05.2304418+00:00,56611,MiniPreço,minipreco,Pagamento Aprovado,APP,app_barra_de_busca,app_barra_de_busca,,47095,0,9516,0,2026-10-10 20:38:19
1667151312673-01,2026-10-07T19:20:39.1926325+00:00,139219,WebContinental Marketplace,webcontinentalmktplace,Faturado,APP,ver_todos_app,2026_03_18_ver_todos_app,,129350,0,9869,0,2026-10-10 20:38:19
1667151312672-01,2026-10-07T19:14:24.8975410+00:00,66545,Philco,Philco,Faturado,APP,app_barra_de_busca,app_barra_de_busca,,64990,0,1555,0,2026-10-10 20:38:19
1667151312671-01,2026-10-07T19:13:01.3294761+00:00,33357,WebContinental,webcontinental,Faturado,APP,gif_celulares_aniversario,gif_celulares_aniversario,,30400,0,2957,0,2026-10-10 20:38:19
1667151312668-01,2026-10-07T19:08:13.8088926+00:00,17240,Philco,Philco,Faturado,APP,app_barra_de_busca,app_barra_de_busca,,14990,0,2250,0,2026-10-10 20:38:20
1667151312667-01,2026-10-07T19:06:23.6326534+00:00,11567,Encantech Shop,loyalt,Faturado,APP,ver_todos_app,2026_03_18_ver_todos_app,,10899,0,668,0,2026-10-10 20:38:20
1667151312665-01,2026-10-07T18:43:35.2470658+00:00,54320,Encantech Shop,loyalt,Pagamento Aprovado,APP,app_barra_de_busca,app_barra_de_busca,,52900,0,1420,0,2026-10-10 20:38:20
1667151312664-01,2026-10-07T18:43:10.1457526+00:00,44869,Encantech Shop,loyalt,Faturado,APP,banner_app_dia_das_crianças,banner_app_dia_das_crianças,,43222,0,1647,0,2026-10-10 20:38:20
1667151312663-01,2026-10-07T18:42:52.0042839+00:00,26126,WebContinental Marketplace,webcontinentalmktplace,Faturado,APP,app_barra_de_busca,app_barra_de_busca,,16030,0,10096,0,2026-10-10 20:38:21
1667141312655-01,2026-10-07T18:27:28.3102968+00:00,18447,WebContinental Marketplace,webcontinentalmktplace,Faturado,APP,ver_todos_app,2026_03_18_ver_todos_app,,15990,0,2457,0,2026-10-10 20:38:21
1667141312654-01,2026-10-07T18:27:15.3093487+00:00,27138,MiniPreço,minipreco,Pagamento Aprovado,APP,app_barra_de_busca,app_barra_de_busca,,24999,0,2139,0,2026-10-10 20:38:21
1667141312650-01,2026-10-07T18:25:35.7481985+00:00,10696,Electrolux,electrolux,Faturado,PUSH,	PUSH,07102026PUSHOVERQUARTA,,8990,0,1706,0,2026-10-10 20:38:21
1667141312649-01,2026-10-07T18:14:14.2168731+00:00,15002,WebContinental Marketplace,webcontinentalmktplace,Faturado,APP,app_barra_de_busca,app_barra_de_busca,,9990,0,5012,0,2026-10-10 20:38:22
1667141312646-01,2026-10-07T18:11:09.0032006+00:00,29606,Indiana,farmaciaindiana,Faturado,APP,app_barra_de_busca,app_barra_de_busca,,27504,0,2102,0,2026-10-10 20:38:22
1667141312644-01,2026-10-07T18:09:14.0505871+00:00,6112,Encantech Shop,loyalt,Faturado,APP,banner_app,banner_gif_celulares_app,,3930,0,2182,0,2026-10-10 20:38:22
1667141312644-02,2026-10-07T18:09:14.0507291+00:00,7117,WebContinental Marketplace,webcontinentalmktplace,Faturado,APP,banner_app,banner_gif_celulares_app,,5558,0,1559,0,2026-10-10 20:38:22
1667141312643-01,2026-10-07T18:07:49.3461043+00:00,52980,Electrolux,electrolux,Faturado,APP,app_barra_de_busca,app_barra_de_busca,,51990,0,990,0,2026-10-10 20:38:23
1667141312638-01,2026-10-07T18:04:15.6501751+00:00,60732,Encantech Shop,loyalt,Faturado,APP,app_barra_de_busca,app_barra_de_busca,,58390,0,2342,0,2026-10-10 20:38:23
1667141312635-01,2026-10-07T18:02:31.2766576+00:00,77948,WebContinental Marketplace,webcontinentalmktplace,Faturado,APP,banner_app,banner_cat_moveis_app,,64393,0,13555,0,2026-10-10 20:38:23
1667141312635-02,2026-10-07T18:02:31.2768908+00:00,37789,Encantech Shop,loyalt,Faturado,APP,banner_app,banner_cat_moveis_app,,34990,0,2799,0,2026-10-10 20:38:24
1667141312633-02,2026-10-07T18:01:58.0387245+00:00,27274,We Connect,funstock,Pagamento Aprovado,APP,banner_app_dia_das_crianças,banner_app_dia_das_crianças,,23890,0,3384,0,2026-10-10 20:38:24
1667141312633-01,2026-10-07T18:01:58.0385501+00:00,25738,WebContinental Marketplace,webcontinentalmktplace,Faturado,APP,banner_app_dia_das_crianças,banner_app_dia_das_crianças,,22999,0,2739,0,2026-10-10 20:38:24
1667141312630-01,2026-10-07T18:00:54.8776262+00:00,24970,WebContinental Marketplace,webcontinentalmktplace,Faturado,APP,banner_app,banner_gif_celulares_app,,19990,0,4980,0,2026-10-10 20:38:26
1667141312625-01,2026-10-07T17:58:40.0263868+00:00,12936,Indiana,farmaciaindiana,Faturado,APP,app_barra_de_busca,app_barra_de_busca,,12077,0,859,0,2026-10-10 20:38:26
1667141312616-01,2026-10-07T17:50:52.8438274+00:00,16784,Philco,Philco,Faturado,APP,app_barra_de_busca,app_barra_de_busca,,14989,0,1795,0,2026-10-10 20:38:26
1667141312615-01,2026-10-07T17:50:45.0671905+00:00,51403,Encantech Shop,loyalt,Faturado,APP,app_barra_de_busca,app_barra_de_busca,,48449,0,2954,0,2026-10-10 20:38:27
1667141312614-01,2026-10-07T17:48:05.2513790+00:00,22305,WebContinental Marketplace,webcontinentalmktplace,Pagamento Aprovado,APP,banner_app_dia_das_crianças,banner_app_dia_das_crianças,,14999,0,7306,0,2026-10-10 20:38:27
1667141312613-01,2026-10-07T17:46:25.4956259+00:00,41402,Encantech Shop,loyalt,Faturado,APP,banner_app,banner_cat_seminovos_app,,37990,0,3412,0,2026-10-10 20:38:27
1667141312612-01,2026-10-07T17:45:04.6913386+00:00,98406,WebContinental Marketplace,webcontinentalmktplace,Faturado,APP,banner_app_dia_das_crianças,banner_app_dia_das_crianças,,71271,0,27135,0,2026-10-10 20:38:27
1667141312611-01,2026-10-07T17:44:41.9368598+00:00,12492,Encantech Shop,loyalt,Faturado,APP,app_barra_de_busca,app_barra_de_busca,,11768,0,724,0,2026-10-10 20:38:28
1667141312608-01,2026-10-07T17:40:18.2495434+00:00,11390,Bumerang Brinquedos,bumerangbrinquedos,Faturado,APP,banner_app_dia_das_crianças,banner_app_dia_das_crianças,,7999,0,3391,0,2026-10-10 20:38:28
1667141312607-01,2026-10-07T17:40:17.7778899+00:00,17288,MiniPreço,minipreco,Pagamento Aprovado,APP,app_barra_de_busca,app_barra_de_busca,,14995,0,2293,0,2026-10-10 20:38:28
1667141312604-01,2026-10-07T17:31:31.3286365+00:00,18551,MiniPreço,minipreco,Pagamento Aprovado,APP,ver_todos_app,2026_03_18_ver_todos_app,,16990,0,1561,0,2026-10-10 20:38:29
1667131312603-01,2026-10-07T17:29:46.1378398+00:00,32263,MiniPreço,minipreco,Faturado,APP,banner_app_dia_das_crianças,banner_app_dia_das_crianças,,27990,0,4273,0,2026-10-10 20:38:29
1667131312602-01,2026-10-07T17:28:38.7227977+00:00,99833,WebContinental Marketplace,webcontinentalmktplace,Faturado,APP,banner_app,banner_gif_celulares_app,,94514,0,5319,0,2026-10-10 20:38:29
1667131312601-01,2026-10-07T17:28:37.3777026+00:00,59408,Encantech Shop,loyalt,Faturado,APP,app_barra_de_busca,app_barra_de_busca,,57900,0,1508,0,2026-10-10 20:38:29
1667131312599-02,2026-10-07T17:26:06.1700303+00:00,5845,ROVITEX,rovitex,Faturado,APP,ver_todos_app,2026_03_18_ver_todos_app,,4446,0,1399,0,2026-10-10 20:38:29
1667131312599-01,2026-10-07T17:26:06.1698167+00:00,5983,WebContinental Marketplace,webcontinentalmktplace,Pagamento Aprovado,APP,ver_todos_app,2026_03_18_ver_todos_app,,3897,0,2086,0,2026-10-10 20:38:30
1667131312598-01,2026-10-07T17:22:35.9692101+00:00,18442,Philco,Philco,Faturado,APP,banner_app,banner_cat_moveis_app,,15990,0,2452,0,2026-10-10 20:38:30
1667131312589-01,2026-10-07T17:14:11.2936575+00:00,297344,WebContinental Marketplace,webcontinentalmktplace,Faturado,APP,banner_app,banner_gif_celulares_app,,279900,0,17444,0,2026-10-10 20:38:30
1667131312585-01,2026-10-07T17:07:04.7582903+00:00,77143,WebContinental Marketplace,webcontinentalmktplace,Faturado,APP,app_barra_de_busca,app_barra_de_busca,,62590,0,14553,0,2026-10-10 20:38:31
1667131312584-01,2026-10-07T17:05:58.7634125+00:00,18092,WebContinental Marketplace,webcontinentalmktplace,Pagamento Aprovado,PUSH,	PUSH,060826PUHODQUINTA,,11290,0,6802,0,2026-10-10 20:38:31
1667131312581-01,2026-10-07T17:03:15.0948422+00:00,174859,Multiloja,multilojaonline,Faturado,APP,app_barra_de_busca,app_barra_de_busca,,154990,0,19869,0,2026-10-10 20:38:32
1667131312580-01,2026-10-07T17:01:59.9389076+00:00,259833,WebContinental Marketplace,webcontinentalmktplace,Pagamento Aprovado,APP,app_barra_de_busca,app_barra_de_busca,,220375,0,39458,0,2026-10-10 20:38:32
1667131312578-01,2026-10-07T17:00:43.2598589+00:00,42716,Encantech Shop,loyalt,Faturado,APP,banner_app,banner_cat_eletrodomesticos_app,,38610,0,4106,0,2026-10-10 20:38:32
1667131312572-01,2026-10-07T16:54:55.4244727+00:00,56690,WebContinental Marketplace,webcontinentalmktplace,Faturado,APP,banner_app_dia_das_crianças,banner_app_dia_das_crianças,,42480,0,14210,0,2026-10-10 20:38:32
1667131312572-02,2026-10-07T16:54:55.4246688+00:00,18294,Encantech Shop,loyalt,Faturado,APP,banner_app_dia_das_crianças,banner_app_dia_das_crianças,,16999,0,1295,0,2026-10-10 20:38:33
1667131312571-01,2026-10-07T16:54:46.5104620+00:00,7257,WebContinental Marketplace,webcontinentalmktplace,Pagamento Aprovado,APP,ver_todos_app,2026_03_18_ver_todos_app,,5248,0,2009,0,2026-10-10 20:38:33
1667131312570-01,2026-10-07T16:54:10.4165574+00:00,30980,Electrolux,electrolux,Faturado,APP,app_barra_de_busca,app_barra_de_busca,,29990,0,990,0,2026-10-10 20:38:33
1667131312568-01,2026-10-07T16:50:45.3440877+00:00,183490,Encantech Shop,loyalt,Pagamento Pendente,APP,gif_tvs_aniversario,gif_tvs_aniversario,,179990,0,3500,0,2026-10-10 20:38:33
1667131312567-01,2026-10-07T16:50:25.9351208+00:00,35252,Bumerang Brinquedos,bumerangbrinquedos,Faturado,APP,banner_app_dia_das_crianças,banner_app_dia_das_crianças,,33499,0,1753,0,2026-10-10 20:38:34
1667131312563-02,2026-10-07T16:48:52.2200768+00:00,81931,Encantech Shop,loyalt,Faturado,APP,ver_todos_app,2026_03_18_ver_todos_app,,80116,0,1815,0,2026-10-10 20:38:34
1667131312563-01,2026-10-07T16:48:52.2199271+00:00,36593,WebContinental Marketplace,webcontinentalmktplace,Faturado,APP,ver_todos_app,2026_03_18_ver_todos_app,,31679,0,4914,0,2026-10-10 20:38:34
1667131312559-01,2026-10-07T16:42:16.0390983+00:00,9874,MiniPreço,minipreco,Pagamento Aprovado,APP,app_barra_de_busca,app_barra_de_busca,,8490,0,1384,0,2026-10-10 20:38:34
1667131312557-01,2026-10-07T16:39:45.3090738+00:00,12750,Encantech Shop,loyalt,Faturado,APP,banner_app,banner_cat_moveis_app,,11898,0,852,0,2026-10-10 20:38:35
1667131312555-01,2026-10-07T16:38:48.1664935+00:00,54400,Encantech Shop,loyalt,Faturado,PUSH,	PUSH,07102026PUSHOVERQUARTA,,52900,0,1500,0,2026-10-10 20:38:35
1667121312550-01,2026-10-07T16:29:34.8890696+00:00,40715,WebContinental Marketplace,webcontinentalmktplace,Faturado,APP,app_barra_de_busca,app_barra_de_busca,,30791,0,9924,0,2026-10-10 20:38:35
1667121312548-02,2026-10-07T16:29:17.5237758+00:00,12019,WebContinental Marketplace,webcontinentalmktplace,Pagamento Aprovado,APP,app_barra_de_busca,app_barra_de_busca,,8998,0,3021,0,2026-10-10 20:38:36
1667121312548-01,2026-10-07T16:29:17.5235855+00:00,14202,Indiana,farmaciaindiana,Faturado,APP,app_barra_de_busca,app_barra_de_busca,,13179,0,1023,0,2026-10-10 20:38:36
1667121312547-01,2026-10-07T16:25:57.5191572+00:00,16980,Electrolux,electrolux,Faturado,APP,app_barra_de_busca,app_barra_de_busca,,15990,0,990,0,2026-10-10 20:38:36
1667121312530-01,2026-10-07T15:57:43.9752353+00:00,16890,Electrolux,electrolux,Faturado,APP,app_barra_de_busca,app_barra_de_busca,,15900,0,990,0,2026-10-10 20:38:36
1667121312526-01,2026-10-07T15:52:20.4224948+00:00,32197,Philco,Philco,Faturado,APP,app_barra_de_busca,app_barra_de_busca,,29990,0,2207,0,2026-10-10 20:38:37
1667121312525-01,2026-10-07T15:51:26.9991241+00:00,66192,WebContinental Marketplace,webcontinentalmktplace,Faturado,APP,app_barra_de_busca,app_barra_de_busca,,51900,0,14292,0,2026-10-10 20:38:37
1667121312519-01,2026-10-07T15:46:03.7740451+00:00,87199,Multiloja,multilojaonline,Faturado,APP,banner_app,banner_cat_moveis_app,,64990,0,22209,0,2026-10-10 20:38:37
1667121312513-01,2026-10-07T15:39:37.9498005+00:00,49945,WebContinental Marketplace,webcontinentalmktplace,Faturado,APP,app_barra_de_busca,app_barra_de_busca,,48490,0,1455,0,2026-10-10 20:38:37
1667121312508-01,2026-10-07T15:35:14.2522026+00:00,29686,WebContinental Marketplace,webcontinentalmktplace,Pagamento Aprovado,APP,banner_app_dia_das_crianças,banner_app_dia_das_crianças,,26021,0,3665,0,2026-10-10 20:38:38
1667111312507-01,2026-10-07T15:29:24.7834498+00:00,123551,WebContinental Marketplace,webcontinentalmktplace,Faturado,APP,app_barra_de_busca,app_barra_de_busca,,117700,0,5851,0,2026-10-10 20:38:38
1667111312503-01,2026-10-07T15:23:35.0292552+00:00,18421,MiniPreço,minipreco,Pagamento Aprovado,APP,ver_todos_app,2026_03_18_ver_todos_app,,16990,0,1431,0,2026-10-10 20:38:38
1667111312494-01,2026-10-07T15:18:50.2675490+00:00,9880,Encantech Shop,loyalt,Faturado,APP,app_barra_de_busca,app_barra_de_busca,,8290,0,1590,0,2026-10-10 20:38:38
1667111312491-01,2026-10-07T15:13:19.8583453+00:00,26162,Farma Conde,farmaconde,Faturado,APP,app_barra_de_busca,app_barra_de_busca,,21498,0,4664,0,2026-10-10 20:38:38
1667111312490-01,2026-10-07T15:12:05.1292867+00:00,120548,Multiloja,multilojaonline,Faturado,APP,app_barra_de_busca,app_barra_de_busca,,103980,0,16568,0,2026-10-10 20:38:39
1667111312486-01,2026-10-07T15:08:40.3034810+00:00,41900,WebContinental Marketplace,webcontinentalmktplace,Faturado,APP,app_barra_de_busca,app_barra_de_busca,,38900,0,3000,0,2026-10-10 20:38:39
1667111312484-01,2026-10-07T15:06:04.0172845+00:00,22900,Encantech Shop,loyalt,Faturado,APP,banner_app,banner_cat_moveis_app,,22900,0,0,0,2026-10-10 20:38:39
1667111312483-01,2026-10-07T15:04:13.9450393+00:00,16165,WebContinental Marketplace,webcontinentalmktplace,Faturado,APP,banner_app_dia_das_crianças,banner_app_dia_das_crianças,,14590,0,1575,0,2026-10-10 20:38:39
1667111312479-01,2026-10-07T14:59:45.4226760+00:00,31323,WebContinental Marketplace,webcontinentalmktplace,Faturado,APP,ver_todos_app,2026_03_18_ver_todos_app,,27290,0,4033,0,2026-10-10 20:38:40
1667111312473-01,2026-10-07T14:55:30.8606816+00:00,46588,WebContinental Marketplace,webcontinentalmktplace,Faturado,APP,ver_todos_app,2026_03_18_ver_todos_app,,43990,0,2598,0,2026-10-10 20:38:40
1667111312467-01,2026-10-07T14:49:48.1002427+00:00,19721,MiniPreço,minipreco,Faturado,APP,ver_todos_app,2026_03_18_ver_todos_app,,27989,0,1731,0,2026-10-10 20:38:40
1667111312464-02,2026-10-07T14:47:40.8931921+00:00,35796,Tetrix,tetrix,Faturado,APP,ver_todos_app,2026_03_18_ver_todos_app,,31990,0,3806,0,2026-10-10 20:38:40
1667111312464-01,2026-10-07T14:47:40.8929702+00:00,10064,WebContinental Marketplace,webcontinentalmktplace,Faturado,APP,ver_todos_app,2026_03_18_ver_todos_app,,8720,0,1344,0,2026-10-10 20:38:40
1667111312463-01,2026-10-07T14:47:31.7218142+00:00,16165,WebContinental Marketplace,webcontinentalmktplace,Pagamento Pendente,APP,ver_todos_app,2026_03_18_ver_todos_app,,14590,0,1575,0,2026-10-10 20:38:41
1667111312458-01,2026-10-07T14:38:10.9653745+00:00,6497,Pense Farma,pensefarma,Faturado,APP,banner_app,banner_cat_moveis_app,,4553,0,1944,0,2026-10-10 20:38:41
1667111312458-02,2026-10-07T14:38:10.9656717+00:00,8167,Indiana,farmaciaindiana,Faturado,APP,banner_app,banner_cat_moveis_app,,7379,0,788,0,2026-10-10 20:38:41
1667111312457-01,2026-10-07T14:33:19.7542589+00:00,45559,Philco,Philco,Faturado,APP,banner_app,banner_cat_eletroportateis_app,,39990,0,5569,0,2026-10-10 20:38:42
1667111312456-01,2026-10-07T14:31:34.7921358+00:00,75087,WebContinental Marketplace,webcontinentalmktplace,Faturado,APP,banner_app_dia_das_crianças,banner_app_dia_das_crianças,,72900,0,2187,0,2026-10-10 20:38:42
1667101312455-01,2026-10-07T14:29:21.8857564+00:00,26980,Electrolux,electrolux,Faturado,INAPP,INAPP,inapp_saldo_extra150926,,25990,0,990,0,2026-10-10 20:38:43
1667101312449-01,2026-10-07T14:12:18.0350698+00:00,71721,WebContinental Marketplace,webcontinentalmktplace,Faturado,APP,app_barra_de_busca,app_barra_de_busca,,58074,0,13647,0,2026-10-10 20:38:43
1667101312446-01,2026-10-07T14:08:59.3329697+00:00,19922,WebContinental Marketplace,webcontinentalmktplace,Faturado,APP,banner_app,banner_gif_tvs_app,,13390,0,6532,0,2026-10-10 20:38:43
1667101312444-01,2026-10-07T14:08:25.2760705+00:00,11819,WebContinental Marketplace,webcontinentalmktplace,Faturado,APP,banner_app,banner_cat_casa-e-cozinha_app,,9990,0,1829,0,2026-10-10 20:38:43
1667101312443-01,2026-10-07T14:07:09.8625762+00:00,19980,Electrolux,electrolux,Faturado,,,,,18990,0,990,0,2026-10-10 20:38:43
1667101312442-01,2026-10-07T14:06:26.1319909+00:00,10531,WebContinental Marketplace,webcontinentalmktplace,Faturado,APP,app_barra_de_busca,app_barra_de_busca,,8490,0,2041,0,2026-10-10 20:38:44
1667101312435-01,2026-10-07T13:55:12.2277756+00:00,20002,WebContinental Marketplace,webcontinentalmktplace,Faturado,APP,app_barra_de_busca,app_barra_de_busca,,17100,0,2902,0,2026-10-10 20:38:44
1667101312428-01,2026-10-07T13:51:15.1384983+00:00,12389,Encantech Shop,loyalt,Faturado,APP,banner_app,banner_gif_tvs_app,,10901,0,1488,0,2026-10-10 20:38:45
1667101312427-01,2026-10-07T13:49:56.9094375+00:00,11507,Encantech Shop,loyalt,Faturado,APP,banner_app,banner_cat_notebook_app,,10899,0,608,0,2026-10-10 20:38:45
1667101312423-01,2026-10-07T13:47:38.4301486+00:00,61200,Direct Stock,lojapositivo,Faturado,APP,ver_todos_app,2026_03_18_ver_todos_app,,61200,0,0,0,2026-10-10 20:38:45
1667101312416-01,2026-10-07T13:43:23.2164703+00:00,8788,Pense Farma,pensefarma,Faturado,APP,app_barra_de_busca,app_barra_de_busca,,6769,0,2019,0,2026-10-10 20:38:46
1667101312413-01,2026-10-07T13:35:43.5985628+00:00,105960,Electrolux,electrolux,Pagamento Pendente,APP,ver_todos_app,2026_03_18_ver_todos_app,,104970,0,990,0,2026-10-10 20:38:46
1667101312412-01,2026-10-07T13:32:18.6793127+00:00,88030,WebContinental Marketplace,webcontinentalmktplace,Faturado,APP,app_barra_de_busca,app_barra_de_busca,,79990,0,8040,0,2026-10-10 20:38:46
1667101312411-01,2026-10-07T13:30:52.7486506+00:00,21460,WebContinental Marketplace,webcontinentalmktplace,Faturado,APP,app_barra_de_busca,app_barra_de_busca,,18990,0,2470,0,2026-10-10 20:38:46
1667091312404-01,2026-10-07T13:23:48.4563844+00:00,60592,Eurenovo,eurenovo,Faturado,APP,banner_app,banner_gif_celulares_app,,58392,0,2200,0,2026-10-10 20:38:47
1667091312403-01,2026-10-07T13:22:24.3340044+00:00,40273,Philco,Philco,Faturado,APP,app_barra_de_busca,app_barra_de_busca,,37990,0,2283,0,2026-10-10 20:38:47
1667091312392-01,2026-10-07T13:13:10.1925965+00:00,14311,Fmiligrama,miligrama,Faturado,APP,banner_app,banner_cat_bem-estar_app,,13198,0,1113,0,2026-10-10 20:38:48
1667091312387-02,2026-10-07T13:08:53.4952084+00:00,180745,Multiloja,multilojaonline,Faturado,APP,app_barra_de_busca,app_barra_de_busca,,175990,0,4755,0,2026-10-10 20:38:48
1667091312387-01,2026-10-07T13:08:53.4950002+00:00,67583,WebContinental Marketplace,webcontinentalmktplace,Faturado,APP,app_barra_de_busca,app_barra_de_busca,,63790,0,3793,0,2026-10-10 20:38:48
1667091312385-01,2026-10-07T13:07:49.2317766+00:00,61752,Philco,Philco,Faturado,APP,ver_todos_app,2026_03_18_ver_todos_app,,53990,0,7762,0,2026-10-10 20:38:48
1667091312383-01,2026-10-07T13:05:18.2191437+00:00,6598,ROVITEX,rovitex,Faturado,APP,banner_app,banner_cat_seminovos_app,,5099,0,1499,0,2026-10-10 20:38:49
1667091312381-01,2026-10-07T12:58:46.3109764+00:00,59428,Multiloja,multilojaonline,Faturado,APP,app_barra_de_busca,app_barra_de_busca,,53990,0,5438,0,2026-10-10 20:38:49
1667091312380-01,2026-10-07T12:55:27.2531694+00:00,45255,Philco,Philco,Faturado,APP,ver_todos_app,2026_03_18_ver_todos_app,,42990,0,2265,0,2026-10-10 20:38:49
1667091312377-01,2026-10-07T12:50:51.7687355+00:00,13158,WebContinental Marketplace,webcontinentalmktplace,Pagamento Aprovado,APP,ver_todos_app,2026_03_18_ver_todos_app,,11275,0,1883,0,2026-10-10 20:38:49
1667091312370-02,2026-10-07T12:49:33.4663809+00:00,34793,Philco,Philco,Faturado,,,,,32990,0,1803,0,2026-10-10 20:38:50
1667091312370-01,2026-10-07T12:49:33.4662031+00:00,226870,Electrolux,electrolux,Faturado,,,,,221890,0,4980,0,2026-10-10 20:38:50
1667091312369-01,2026-10-07T12:48:32.6065616+00:00,112663,Encantech Shop,loyalt,Faturado,APP,banner_app,banner_gif_celulares_app,,109900,0,2763,0,2026-10-10 20:38:50
1667091312368-01,2026-10-07T12:47:59.8028855+00:00,14040,Pense Farma,pensefarma,Faturado,APP,app_barra_de_busca,app_barra_de_busca,,12080,0,1960,0,2026-10-10 20:38:50
1667091312367-01,2026-10-07T12:46:23.1612205+00:00,16433,Encantech Shop,loyalt,Faturado,APP,app_barra_de_busca,app_barra_de_busca,,15911,0,522,0,2026-10-10 20:38:51
1667091312360-01,2026-10-07T12:36:15.1729182+00:00,50617,WebContinental Marketplace,webcontinentalmktplace,Faturado,APP,banner_app,banner_cat_moveis_app,,31980,0,18637,0,2026-10-10 20:38:51
1667091312360-02,2026-10-07T12:36:15.1730877+00:00,216135,Multiloja,multilojaonline,Faturado,APP,banner_app,banner_cat_moveis_app,,188970,0,27165,0,2026-10-10 20:38:51
1667091312357-01,2026-10-07T12:34:35.0373583+00:00,17181,Philco,Philco,Faturado,APP,banner_app_99,banner_app_99,,11990,0,5191,0,2026-10-10 20:38:52
1667081312356-01,2026-10-07T12:23:07.9343500+00:00,14980,Electrolux,electrolux,Faturado,APP,banner_app,banner_cat_casa-e-cozinha_app,,13990,0,990,0,2026-10-10 20:38:52
1667081312342-01,2026-10-07T12:11:14.5638241+00:00,72658,WebContinental Marketplace,webcontinentalmktplace,Faturado,APP,banner_app,banner_cat_eletrodomesticos_app,,57870,0,14788,0,2026-10-10 20:38:52
1667081312340-01,2026-10-07T12:11:06.3237706+00:00,11623,MiniPreço,minipreco,Pagamento Aprovado,APP,banner_app_dia_das_crianças,banner_app_dia_das_crianças,,9990,0,1633,0,2026-10-10 20:38:52
1667081312332-01,2026-10-07T12:06:11.1580128+00:00,8636,WebContinental Marketplace,webcontinentalmktplace,Faturado,APP,banner_app_dia_das_crianças,banner_app_dia_das_crianças,,6990,0,1646,0,2026-10-10 20:38:53
1667081312328-01,2026-10-07T12:00:34.5439098+00:00,48234,Encantech Shop,loyalt,Pagamento Pendente,APP,ver_todos_app,2026_03_18_ver_todos_app,,47608,0,626,0,2026-10-10 20:38:53
1667081312325-01,2026-10-07T11:54:36.3394050+00:00,73798,WebContinental Marketplace,webcontinentalmktplace,Faturado,APP,app_barra_de_busca,app_barra_de_busca,,59999,0,13799,0,2026-10-10 20:38:54
1667081312323-01,2026-10-07T11:52:24.7228796+00:00,48391,Philco,Philco,Faturado,APP,banner_app,banner_cat_seminovos_app,,45990,0,2401,0,2026-10-10 20:38:54
1667081312318-01,2026-10-07T11:47:32.1678281+00:00,80060,MMPlace,compreja,Faturado,APP,app_barra_de_busca,app_barra_de_busca,,74995,0,5065,0,2026-10-10 20:38:55
1667081312316-01,2026-10-07T11:44:55.6936442+00:00,46421,Multiloja,multilojaonline,Faturado,APP,banner_app,banner_cat_eletrodomesticos_app,,39990,0,6431,0,2026-10-10 20:38:55
1667081312315-01,2026-10-07T11:41:31.8320301+00:00,40706,WebContinental Marketplace,webcontinentalmktplace,Faturado,APP,banner_app_dia_das_crianças,banner_app_dia_das_crianças,,35280,0,5426,0,2026-10-10 20:38:55
1667081312312-01,2026-10-07T11:36:16.8370623+00:00,87860,WebContinental Marketplace,webcontinentalmktplace,Pagamento Aprovado,APP,app_barra_de_busca,app_barra_de_busca,,78990,0,8870,0,2026-10-10 20:38:55
1667071312307-01,2026-10-07T11:20:11.4320601+00:00,60366,Encantech Shop,loyalt,Faturado,APP,banner_app,banner_gif_celulares_app,,57900,0,2466,0,2026-10-10 20:38:55
1667071312306-01,2026-10-07T11:18:42.9563331+00:00,31048,We Connect,funstock,Pagamento Aprovado,APP,ver_todos_app,2026_03_18_ver_todos_app,,28390,0,2658,0,2026-10-10 20:38:56
1667071312304-02,2026-10-07T11:15:44.2415807+00:00,28481,Philco,Philco,Faturado,APP,app_barra_de_busca,app_barra_de_busca,,25980,0,2501,0,2026-10-10 20:38:56
1667071312304-01,2026-10-07T11:15:44.2413870+00:00,12364,Encantech Shop,loyalt,Faturado,APP,app_barra_de_busca,app_barra_de_busca,,11768,0,596,0,2026-10-10 20:38:56
1667071312300-01,2026-10-07T11:05:06.4463413+00:00,119906,WebContinental Marketplace,webcontinentalmktplace,Faturado,APP,banner_app,banner_cat_moveis_app,,99990,0,19916,0,2026-10-10 20:38:56
1667071312300-02,2026-10-07T11:05:06.4466187+00:00,37728,Multiloja,multilojaonline,Pagamento Aprovado,APP,banner_app,banner_cat_moveis_app,,29590,0,8138,0,2026-10-10 20:38:57
1667071312299-01,2026-10-07T11:03:43.1006085+00:00,27632,Encantech Shop,loyalt,Faturado,APP,app_barra_de_busca,app_barra_de_busca,,26910,0,722,0,2026-10-10 20:38:58
1667071312293-01,2026-10-07T10:34:47.1387247+00:00,81890,Electrolux,electrolux,Faturado,APP,app_barra_de_busca,app_barra_de_busca,,79900,0,1990,0,2026-10-10 20:38:59
1667071312293-02,2026-10-07T10:34:47.1390063+00:00,24053,Indiana,farmaciaindiana,Faturado,APP,app_barra_de_busca,app_barra_de_busca,,22989,0,1064,0,2026-10-10 20:38:59
1667061312292-01,2026-10-07T10:29:41.1651558+00:00,11167,WebContinental Marketplace,webcontinentalmktplace,Faturado,APP,app_barra_de_busca,app_barra_de_busca,,9515,0,1652,0,2026-10-10 20:38:59
1667061312289-01,2026-10-07T10:17:15.3965511+00:00,37881,WebContinental Marketplace,webcontinentalmktplace,Pagamento Aprovado,APP,banner_app,banner_gif_tvs_app,,32500,0,5381,0,2026-10-10 20:39:00
1667061312277-01,2026-10-07T10:02:42.0261065+00:00,27717,WebContinental Marketplace,webcontinentalmktplace,Faturado,APP,app_barra_de_busca,app_barra_de_busca,,26910,0,807,0,2026-10-10 20:39:00
1667061312275-01,2026-10-07T09:58:26.1078510+00:00,35112,WebContinental Marketplace,webcontinentalmktplace,Faturado,APP,app_barra_de_busca,app_barra_de_busca,,23682,0,11430,0,2026-10-10 20:39:00
1667061312275-02,2026-10-07T09:58:26.1080226+00:00,10896,We Connect,funstock,Pagamento Aprovado,APP,app_barra_de_busca,app_barra_de_busca,,6290,0,4606,0,2026-10-10 20:39:01
1667061312273-01,2026-10-07T09:57:43.4402132+00:00,7417,Bumerang Brinquedos,bumerangbrinquedos,Faturado,APP,app_barra_de_busca,app_barra_de_busca,,5999,0,1418,0,2026-10-10 20:39:01
1667061312273-02,2026-10-07T09:57:43.4404163+00:00,2519,MiniPreço,minipreco,Pagamento Aprovado,APP,app_barra_de_busca,app_barra_de_busca,,1490,0,1029,0,2026-10-10 20:39:01
1667061312272-01,2026-10-07T09:56:08.0826239+00:00,3239,MiniPreço,minipreco,Pagamento Aprovado,APP,app_barra_de_busca,app_barra_de_busca,,1495,0,1744,0,2026-10-10 20:39:02
1667061312270-01,2026-10-07T09:55:05.3078714+00:00,68687,Encantech Shop,loyalt,Faturado,APP,banner_app_dia_das_crianças,banner_app_dia_das_crianças,,59747,0,8940,0,2026-10-10 20:39:02
1667061312270-02,2026-10-07T09:55:05.3080305+00:00,48492,WebContinental Marketplace,webcontinentalmktplace,Faturado,APP,banner_app_dia_das_crianças,banner_app_dia_das_crianças,,44990,0,3502,0,2026-10-10 20:39:03
1667061312268-01,2026-10-07T09:53:43.6036178+00:00,9398,ROVITEX,rovitex,Faturado,APP,ver_todos_app,2026_03_18_ver_todos_app,,7499,0,1899,0,2026-10-10 20:39:03
1667061312267-01,2026-10-07T09:51:55.9327347+00:00,30380,WebContinental Marketplace,webcontinentalmktplace,Faturado,APP,app_barra_de_busca,app_barra_de_busca,,18999,0,11381,0,2026-10-10 20:39:03
1667061312266-01,2026-10-07T09:38:24.5617985+00:00,56499,Multiloja,multilojaonline,Faturado,APP,banner_app,banner_cat_eletrodomesticos_app,,54990,0,1509,0,2026-10-10 20:39:04
1667061312260-02,2026-10-07T09:30:16.6637772+00:00,7628,Indiana,farmaciaindiana,Faturado,APP,app_barra_de_busca,app_barra_de_busca,,6919,0,709,0,2026-10-10 20:39:04
1667061312260-01,2026-10-07T09:30:16.6635741+00:00,2903,Pense Farma,pensefarma,Faturado,APP,app_barra_de_busca,app_barra_de_busca,,993,0,1910,0,2026-10-10 20:39:04
1667061312260-03,2026-10-07T09:30:16.6638748+00:00,3377,Farma Conde,farmaconde,Faturado,APP,app_barra_de_busca,app_barra_de_busca,,1248,0,2129,0,2026-10-10 20:39:05
1667051312257-02,2026-10-07T09:25:16.6844751+00:00,2765,MiniPreço,minipreco,Faturado,APP,banner_app_dia_das_crianças,banner_app_dia_das_crianças,,1490,0,1275,0,2026-10-10 20:39:05
1667051312257-01,2026-10-07T09:25:16.6842801+00:00,12860,Indiana,farmaciaindiana,Faturado,APP,banner_app_dia_das_crianças,banner_app_dia_das_crianças,,12099,0,761,0,2026-10-10 20:39:05
1667051312256-01,2026-10-07T08:57:30.6023373+00:00,11947,Indiana,farmaciaindiana,Faturado,APP,app_barra_de_busca,app_barra_de_busca,,8019,0,3928,0,2026-10-10 20:39:06
1667031312247-01,2026-10-07T07:15:09.0969940+00:00,113456,WebContinental Marketplace,webcontinentalmktplace,Faturado,APP,banner_app,banner_gif_celulares_app,,106799,0,6657,0,2026-10-10 20:39:06
1667031312246-01,2026-10-07T07:10:06.5330224+00:00,20116,Philco,Philco,Faturado,APP,app_barra_de_busca,app_barra_de_busca,,17990,0,2126,0,2026-10-10 20:39:06
1667031312245-01,2026-10-07T07:05:34.1366584+00:00,6340,WebContinental Marketplace,webcontinentalmktplace,Faturado,APP,app_barra_de_busca,app_barra_de_busca,,4000,0,2340,0,2026-10-10 20:39:07
1667031312244-01,2026-10-07T07:02:56.5736916+00:00,94255,Webfones,webfones,Faturado,APP,banner_app,banner_gif_celulares_app,,89900,0,4355,0,2026-10-10 20:39:07
1667031312243-01,2026-10-07T06:49:01.7184807+00:00,208096,WebContinental Marketplace,webcontinentalmktplace,Pagamento Aprovado,APP,app_barra_de_busca,app_barra_de_busca,,184021,0,24075,0,2026-10-10 20:39:07
1667031312242-01,2026-10-07T06:44:13.6640757+00:00,10683,Encantech Shop,loyalt,Faturado,APP,banner_app,banner_gif_tvs_app,,9900,0,783,0,2026-10-10 20:39:08
1667021312237-01,2026-10-07T05:50:26.9871029+00:00,8649,Encantech Shop,loyalt,Faturado,APP,banner_app,banner_cat_eletrodomesticos_app,,8149,0,500,0,2026-10-10 20:39:08
1667011312217-01,2026-10-07T04:41:58.0946259+00:00,18127,We Connect,funstock,Faturado,APP,app_barra_de_busca,app_barra_de_busca,,15690,0,2437,0,2026-10-10 20:39:09
1667011312211-02,2026-10-07T04:32:01.1807189+00:00,33149,Multiloja,multilojaonline,Faturado,APP,banner_app,banner_cat_seminovos_app,,27990,0,5159,0,2026-10-10 20:39:09
1667011312211-01,2026-10-07T04:32:01.1804814+00:00,17684,Encantech Shop,loyalt,Faturado,APP,banner_app,banner_cat_seminovos_app,,16991,0,693,0,2026-10-10 20:39:10
1667001312205-01,2026-10-07T04:18:12.0888703+00:00,11619,Encantech Shop,loyalt,Faturado,APP,app_barra_de_busca,app_barra_de_busca,,10899,0,720,0,2026-10-10 20:39:10
1667001312204-01,2026-10-07T04:16:11.4236759+00:00,51085,WebContinental Marketplace,webcontinentalmktplace,Faturado,APP,ver_todos_app,2026_03_18_ver_todos_app,,39889,0,11196,0,2026-10-10 20:39:10
1667001312201-01,2026-10-07T04:13:05.2138300+00:00,29968,WebContinental Marketplace,webcontinentalmktplace,Faturado,APP,app_barra_de_busca,app_barra_de_busca,,27990,0,1978,0,2026-10-10 20:39:11
1667001312198-01,2026-10-07T04:04:36.2755587+00:00,30980,Electrolux,electrolux,Faturado,APP,ver_todos_app,2026_03_18_ver_todos_app,,29990,0,990,0,2026-10-10 20:39:11
1667001312197-01,2026-10-07T04:03:54.9999954+00:00,34284,MiniPreço,minipreco,Faturado,APP,app_barra_de_busca,app_barra_de_busca,,29990,0,4294,0,2026-10-10 20:39:12
1667001312194-01,2026-10-07T03:45:36.1656368+00:00,23626,Encantech Shop,loyalt,Faturado,APP,ver_todos_app,2026_03_18_ver_todos_app,,22580,0,1046,0,2026-10-10 20:39:12
1667001312193-01,2026-10-07T03:37:07.5157689+00:00,57257,MMPlace,compreja,Faturado,APP,app_barra_de_busca,app_barra_de_busca,,55242,0,2015,0,2026-10-10 20:39:12
1667001312192-01,2026-10-07T03:36:02.4633477+00:00,36238,Encantech Shop,loyalt,Faturado,,,,,33990,0,2248,0,2026-10-10 20:39:13
1667001312190-02,2026-10-07T03:35:19.1754551+00:00,8598,WebContinental Marketplace,webcontinentalmktplace,Pagamento Aprovado,APP,app_barra_de_busca,app_barra_de_busca,,6435,0,2163,0,2026-10-10 20:39:13
1667001312190-01,2026-10-07T03:35:19.1752385+00:00,6998,ROVITEX,rovitex,Faturado,APP,app_barra_de_busca,app_barra_de_busca,,5599,0,1399,0,2026-10-10 20:39:13
1666991312185-01,2026-10-07T03:19:03.6923884+00:00,22581,Encantech Shop,loyalt,Faturado,APP,ver_todos_app,2026_03_18_ver_todos_app,,22581,0,0,0,2026-10-10 20:39:13
1666991312184-01,2026-10-07T03:18:14.2529258+00:00,51998,Multimóveis,multimoveis,Faturado,APP,app_barra_de_busca,app_barra_de_busca,,37999,0,13999,0,2026-10-10 20:39:14
1666991312180-01,2026-10-07T03:08:06.9133753+00:00,8383,MiniPreço,minipreco,Faturado,APP,banner_app_dia_das_crianças,banner_app_dia_das_crianças,,22898,0,1884,0,2026-10-10 20:39:14
1666991312180-02,2026-10-07T03:08:06.9135719+00:00,8869,Encantech Shop,loyalt,Faturado,APP,banner_app_dia_das_crianças,banner_app_dia_das_crianças,,8149,0,720,0,2026-10-10 20:39:14
1666991312179-01,2026-10-07T03:04:21.1900407+00:00,16784,Philco,Philco,Faturado,APP,banner_app_dia_das_crianças,banner_app_dia_das_crianças,,14989,0,1795,0,2026-10-10 20:39:15
1666991312173-01,2026-10-07T02:54:51.9767216+00:00,29676,Bumerang Brinquedos,bumerangbrinquedos,Faturado,,,,,26999,0,2677,0,2026-10-10 20:39:15
1666991312171-01,2026-10-07T02:54:12.2644291+00:00,63628,Multiloja,multilojaonline,Faturado,APP,app_barra_de_busca,app_barra_de_busca,,51990,0,11638,0,2026-10-10 20:39:16
1666991312167-01,2026-10-07T02:52:21.9828875+00:00,10010,WebContinental Marketplace,webcontinentalmktplace,Faturado,APP,ver_todos_app,2026_03_18_ver_todos_app,,7990,0,2020,0,2026-10-10 20:39:17
1666991312166-01,2026-10-07T02:51:03.9744158+00:00,34148,WebContinental Marketplace,webcontinentalmktplace,Faturado,APP,app_barra_de_busca,app_barra_de_busca,,28493,0,5655,0,2026-10-10 20:39:17
1666991312161-02,2026-10-07T02:37:39.6211488+00:00,8447,Pense Farma,pensefarma,Faturado,APP,banner_app,banner_cat_casa-e-cozinha_app,,6430,0,2017,0,2026-10-10 20:39:17
1666991312161-03,2026-10-07T02:37:39.6214340+00:00,20450,MiniPreço,minipreco,Pagamento Aprovado,APP,banner_app,banner_cat_casa-e-cozinha_app,,18999,0,1451,0,2026-10-10 20:39:18
1666991312161-01,2026-10-07T02:37:39.6207744+00:00,17371,WebContinental Marketplace,webcontinentalmktplace,Faturado,APP,banner_app,banner_cat_casa-e-cozinha_app,,13920,0,3451,0,2026-10-10 20:39:18
1666991312156-01,2026-10-07T02:33:19.3789952+00:00,2733,MiniPreço,minipreco,Pagamento Aprovado,APP,banner_app_dia_das_crianças,banner_app_dia_das_crianças,,1490,0,1243,0,2026-10-10 20:39:18
1666991312156-02,2026-10-07T02:33:19.3791833+00:00,11001,Indiana,farmaciaindiana,Faturado,APP,banner_app_dia_das_crianças,banner_app_dia_das_crianças,,9990,0,1011,0,2026-10-10 20:39:19
1666991312153-01,2026-10-07T02:30:35.7186391+00:00,10276,MiniPreço,minipreco,Pagamento Aprovado,APP,app_barra_de_busca,app_barra_de_busca,,6998,0,3278,0,2026-10-10 20:39:19
1666981312151-01,2026-10-07T02:29:45.7738082+00:00,11923,Encantech Shop,loyalt,Faturado,APP,banner_app_dia_das_crianças,banner_app_dia_das_crianças,,10899,0,1024,0,2026-10-10 20:39:19
1666981312146-01,2026-10-07T02:25:16.7265831+00:00,9620,WebContinental Marketplace,webcontinentalmktplace,Pagamento Aprovado,APP,banner_app_dia_das_crianças,banner_app_dia_das_crianças,,7090,0,2530,0,2026-10-10 20:39:20
1666981312144-01,2026-10-07T02:20:44.1458735+00:00,47314,Multiloja,multilojaonline,Faturado,APP,ver_todos_app,2026_03_18_ver_todos_app,,39990,0,7324,0,2026-10-10 20:39:20
1666981312143-01,2026-10-07T02:18:16.5187363+00:00,20980,Electrolux,electrolux,Faturado,,,,,19990,0,990,0,2026-10-10 20:39:21
1666981312142-01,2026-10-07T02:17:38.5986105+00:00,4784,Indiana,farmaciaindiana,Faturado,APP,app_barra_de_busca,app_barra_de_busca,,3989,0,795,0,2026-10-10 20:39:21
1666981312140-01,2026-10-07T02:10:01.4092333+00:00,21181,Philco,Philco,Faturado,APP,app_barra_de_busca,app_barra_de_busca,,15990,0,5191,0,2026-10-10 20:39:21
1666981312132-01,2026-10-07T01:55:02.1669988+00:00,59874,Encantech Shop,loyalt,Faturado,APP,app_barra_de_busca,app_barra_de_busca,,57900,0,1974,0,2026-10-10 20:39:22
1666981312131-01,2026-10-07T01:54:19.5249563+00:00,35539,WebContinental Marketplace,webcontinentalmktplace,Faturado,APP,app_barra_de_busca,app_barra_de_busca,,32390,0,3149,0,2026-10-10 20:39:22
1666981312129-01,2026-10-07T01:52:59.3648180+00:00,22018,WebContinental Marketplace,webcontinentalmktplace,Faturado,APP,app_barra_de_busca,app_barra_de_busca,,19990,0,2028,0,2026-10-10 20:39:22
1666981312120-01,2026-10-07T01:44:48.5755894+00:00,2312,Indiana,farmaciaindiana,Faturado,APP,app_barra_de_busca,app_barra_de_busca,,1199,0,1113,0,2026-10-10 20:39:23
1666981312116-02,2026-10-07T01:44:23.4972424+00:00,9914,MMPlace,compreja,Faturado,,,,,9914,0,0,0,2026-10-10 20:39:23
1666981312116-04,2026-10-07T01:44:23.4974617+00:00,26980,Electrolux,electrolux,Faturado,,,,,25990,0,990,0,2026-10-10 20:39:23
1666981312116-01,2026-10-07T01:44:23.4970658+00:00,19359,MiniPreço,minipreco,Faturado,,,,,17980,0,1379,0,2026-10-10 20:39:24
1666981312116-03,2026-10-07T01:44:23.4973379+00:00,25873,Philco,Philco,Faturado,,,,,23980,0,1893,0,2026-10-10 20:39:24
1666981312112-01,2026-10-07T01:42:12.9381757+00:00,12385,Encantech Shop,loyalt,Faturado,APP,banner_app_dia_das_crianças,banner_app_dia_das_crianças,,11590,0,795,0,2026-10-10 20:39:24
1666981312109-01,2026-10-07T01:40:24.9617685+00:00,313790,WebContinental Marketplace,webcontinentalmktplace,Pagamento Pendente,APP,banner_app,banner_gif_celulares_app,,289980,0,23810,0,2026-10-10 20:39:25
1666981312108-01,2026-10-07T01:39:47.2934452+00:00,8267,MiniPreço,minipreco,Pagamento Aprovado,APP,app_barra_de_busca,app_barra_de_busca,,6999,0,1268,0,2026-10-10 20:39:25
1666981312106-01,2026-10-07T01:37:04.9893089+00:00,17980,Electrolux,electrolux,Faturado,APP,app_barra_de_busca,app_barra_de_busca,,16990,0,990,0,2026-10-10 20:39:25
1666971312100-01,2026-10-07T01:21:14.4939611+00:00,59610,Philco,Philco,Faturado,APP,app_barra_de_busca,app_barra_de_busca,,47990,0,11620,0,2026-10-10 20:39:26
1666971312099-01,2026-10-07T01:20:02.3407130+00:00,11123,Encantech Shop,loyalt,Faturado,APP,banner_app,banner_gif_celulares_app,,9900,0,1223,0,2026-10-10 20:39:26
1666971312093-01,2026-10-07T01:16:56.7215448+00:00,18624,WebContinental Marketplace,webcontinentalmktplace,Faturado,APP,ver_todos_app,2026_03_18_ver_todos_app,,15990,0,2634,0,2026-10-10 20:39:27
1666971312088-03,2026-10-07T01:12:37.2813723+00:00,5480,Encantech Shop,loyalt,Faturado,APP,ver_todos_app,2026_03_18_ver_todos_app,,3890,0,1590,0,2026-10-10 20:39:27
1666971312088-02,2026-10-07T01:12:37.2812274+00:00,7169,Farma Conde,farmaconde,Faturado,APP,ver_todos_app,2026_03_18_ver_todos_app,,2878,0,4291,0,2026-10-10 20:39:27
1666971312088-04,2026-10-07T01:12:37.2814770+00:00,2949,WebContinental Marketplace,webcontinentalmktplace,Faturado,APP,ver_todos_app,2026_03_18_ver_todos_app,,1077,0,1872,0,2026-10-10 20:39:28
1666971312088-01,2026-10-07T01:12:37.2809732+00:00,2080,Indiana,farmaciaindiana,Faturado,APP,ver_todos_app,2026_03_18_ver_todos_app,,1119,0,961,0,2026-10-10 20:39:29
1666971312067-01,2026-10-07T01:00:05.6610095+00:00,52508,Philco,Philco,Faturado,APP,ver_todos_app,2026_03_18_ver_todos_app,,44990,0,7518,0,2026-10-10 20:39:29
1666971312064-01,2026-10-07T00:59:40.6077045+00:00,11350,MiniPreço,minipreco,Faturado,APP,ver_todos_app,2026_03_18_ver_todos_app,,9990,0,1360,0,2026-10-10 20:39:29
1666971312053-01,2026-10-07T00:54:48.0166073+00:00,16311,Encantech Shop,loyalt,Faturado,INAPP,INAPP,INAPPTVOVER0610,,15500,0,811,0,2026-10-10 20:39:30
1666971312052-01,2026-10-07T00:54:43.3372548+00:00,29406,Philco,Philco,Faturado,APP,banner_app,banner_cat_seminovos_app,,23980,0,5426,0,2026-10-10 20:39:30
1666971312051-01,2026-10-07T00:51:50.2181185+00:00,25980,Electrolux,electrolux,Faturado,APP,app_barra_de_busca,app_barra_de_busca,,24990,0,990,0,2026-10-10 20:39:30
1666971312049-01,2026-10-07T00:51:13.3477441+00:00,58849,WebContinental Marketplace,webcontinentalmktplace,Faturado,APP,banner_app_dia_das_crianças,banner_app_dia_das_crianças,,54999,0,3850,0,2026-10-10 20:39:31
1666971312034-01,2026-10-07T00:46:30.9095348+00:00,40029,Philco,Philco,Faturado,APP,banner_app,banner_cat_seminovos_app,,37990,0,2039,0,2026-10-10 20:39:31
1666971312028-01,2026-10-07T00:39:36.0236741+00:00,13295,WebContinental Marketplace,webcontinentalmktplace,Faturado,APP,app_barra_de_busca,app_barra_de_busca,,11116,0,2179,0,2026-10-10 20:39:31
1666971312024-01,2026-10-07T00:37:41.7676636+00:00,16890,Electrolux,electrolux,Faturado,APP,banner_app,banner_cat_eletrodomesticos_app,,15900,0,990,0,2026-10-10 20:39:32
1666971312022-01,2026-10-07T00:35:04.8294205+00:00,14269,WebContinental Marketplace,webcontinentalmktplace,Faturado,APP,app_barra_de_busca,app_barra_de_busca,,10633,0,3636,0,2026-10-10 20:39:32
1666971312020-01,2026-10-07T00:33:28.8870827+00:00,55980,Electrolux,electrolux,Faturado,APP,banner_app,banner_gif_celulares_app,,54990,0,990,0,2026-10-10 20:39:33
1666971312011-01,2026-10-07T00:31:08.5495957+00:00,17266,WebContinental Marketplace,webcontinentalmktplace,Faturado,APP,app_barra_de_busca,app_barra_de_busca,,14990,0,2276,0,2026-10-10 20:39:33
1666971312010-01,2026-10-07T00:30:48.8443015+00:00,58866,WebContinental Marketplace,webcontinentalmktplace,Faturado,APP,app_barra_de_busca,app_barra_de_busca,,45506,0,13360,0,2026-10-10 20:39:33
1666961312008-01,2026-10-07T00:28:33.6584606+00:00,14195,WebContinental Marketplace,webcontinentalmktplace,Faturado,APP,banner_app_dia_das_crianças,banner_app_dia_das_crianças,,11990,0,2205,0,2026-10-10 20:39:34
1666961312007-01,2026-10-07T00:26:44.5918469+00:00,41190,WebContinental Marketplace,webcontinentalmktplace,Faturado,APP,banner_app_dia_das_crianças,banner_app_dia_das_crianças,,39990,0,1200,0,2026-10-10 20:39:34
1666961312006-01,2026-10-07T00:25:50.8517549+00:00,17980,Electrolux,electrolux,Faturado,APP,ver_todos_app,2026_03_18_ver_todos_app,,16990,0,990,0,2026-10-10 20:39:35
1666961312004-01,2026-10-07T00:24:27.2857197+00:00,65980,Electrolux,electrolux,Faturado,APP,ver_todos_app,2026_03_18_ver_todos_app,,64990,0,990,0,2026-10-10 20:39:35
1666961312001-01,2026-10-07T00:22:20.9352372+00:00,11619,Encantech Shop,loyalt,Faturado,APP,app_barra_de_busca,app_barra_de_busca,,10899,0,720,0,2026-10-10 20:39:36
1666961311999-01,2026-10-07T00:20:15.2050729+00:00,11350,MiniPreço,minipreco,Faturado,APP,ver_todos_app,2026_03_18_ver_todos_app,,9990,0,1360,0,2026-10-10 20:39:36
1666961311999-02,2026-10-07T00:20:15.2052770+00:00,11567,Encantech Shop,loyalt,Faturado,APP,ver_todos_app,2026_03_18_ver_todos_app,,10899,0,668,0,2026-10-10 20:39:36
1666961311996-01,2026-10-07T00:18:53.3357233+00:00,10617,Encantech Shop,loyalt,Faturado,APP,app_barra_de_busca,app_barra_de_busca,,9900,0,717,0,2026-10-10 20:39:37
1666961311992-01,2026-10-07T00:15:38.9470457+00:00,65487,WebContinental Marketplace,webcontinentalmktplace,Pagamento Aprovado,APP,app_barra_de_busca,app_barra_de_busca,,52900,0,12587,0,2026-10-10 20:39:37
1666961311989-01,2026-10-07T00:09:52.3373957+00:00,17759,Black Skull,blackskullusa,Faturado,APP,banner_app_dia_das_crianças,banner_app_dia_das_crianças,,11925,0,5834,0,2026-10-10 20:39:37
1666961311987-01,2026-10-07T00:07:52.1593730+00:00,14974,Multiloja,multilojaonline,Faturado,INAPP,INAPP,inapp_saldo_extra150926,,10990,0,3984,0,2026-10-10 20:39:38
1666961311983-01,2026-10-07T00:05:23.4849707+00:00,54718,Encantech Shop,loyalt,Faturado,APP,banner_app,banner_cat_seminovos_app,,52900,0,1818,0,2026-10-10 20:39:38
1666961311982-01,2026-10-07T00:04:10.5734865+00:00,162108,WebContinental Marketplace,webcontinentalmktplace,Faturado,APP,banner_app,banner_gif_celulares_app,,154714,0,7394,0,2026-10-10 20:39:38
1666961311981-01,2026-10-07T00:03:47.5498114+00:00,11288,MiniPreço,minipreco,Pagamento Aprovado,APP,banner_app,banner_cat_seminovos_app,,9990,0,1298,0,2026-10-10 20:39:39
1666961311977-02,2026-10-07T00:03:11.7317441+00:00,7089,Indiana,farmaciaindiana,Faturado,APP,ver_todos_app,2026_03_18_ver_todos_app,,5789,0,1300,0,2026-10-10 20:39:39
1666961311977-01,2026-10-07T00:03:11.7314665+00:00,33183,MMPlace,compreja,Faturado,APP,ver_todos_app,2026_03_18_ver_todos_app,,29743,0,3440,0,2026-10-10 20:39:39
1666961311976-01,2026-10-07T00:03:01.3056615+00:00,17235,WebContinental Marketplace,webcontinentalmktplace,Faturado,APP,ver_todos_app,2026_03_18_ver_todos_app,,14990,0,2245,0,2026-10-10 20:39:40
1666961311975-01,2026-10-07T00:02:53.4097606+00:00,51522,WebContinental Marketplace,webcontinentalmktplace,Faturado,APP,ver_todos_app,2026_03_18_ver_todos_app,,47990,0,3532,0,2026-10-10 20:39:40
1666961311974-01,2026-10-07T00:01:28.6525323+00:00,86052,Encantech Shop,loyalt,Faturado,APP,app_barra_de_busca,app_barra_de_busca,,84198,0,1854,0,2026-10-10 20:39:40
1666961311973-01,2026-10-07T00:01:10.5682496+00:00,247945,WebContinental,webcontinental,Faturado,APP,app_barra_de_busca,app_barra_de_busca,,229900,0,18045,0,2026-10-10 20:39:41
1666961311968-01,2026-10-06T23:58:33.0718166+00:00,29661,We Connect,funstock,Pagamento Aprovado,APP,banner_app_dia_das_crianças,banner_app_dia_das_crianças,,25490,0,4171,0,2026-10-10 20:39:41
1666961311967-01,2026-10-06T23:58:31.0430388+00:00,11619,Encantech Shop,loyalt,Faturado,PUSH,	PUSH,06102026PUSHOD,,10899,0,720,0,2026-10-10 20:39:41
1666961311962-01,2026-10-06T23:50:50.1412739+00:00,26020,Indiana,farmaciaindiana,Faturado,APP,app_barra_de_busca,app_barra_de_busca,,23980,0,2040,0,2026-10-10 20:39:42
1666961311958-03,2026-10-06T23:49:38.8842853+00:00,14518,WebContinental Marketplace,webcontinentalmktplace,Faturado,PUSH,	PUSH,06102026PUSHOD,,7590,0,6928,0,2026-10-10 20:39:42
1666961311958-02,2026-10-06T23:49:38.8841662+00:00,9980,Electrolux,electrolux,Faturado,PUSH,	PUSH,06102026PUSHOD,,8990,0,990,0,2026-10-10 20:39:43
1666961311958-01,2026-10-06T23:49:38.8839642+00:00,16599,Encantech Shop,loyalt,Faturado,PUSH,	PUSH,06102026PUSHOD,,15547,0,1052,0,2026-10-10 20:39:43
1666961311955-01,2026-10-06T23:47:13.9343049+00:00,84621,WebContinental Marketplace,webcontinentalmktplace,Faturado,APP,app_barra_de_busca,app_barra_de_busca,,62900,0,21721,0,2026-10-10 20:39:43
1666961311955-02,2026-10-06T23:47:13.9344966+00:00,64246,Karcher,lojakarcher,Faturado,APP,app_barra_de_busca,app_barra_de_busca,,57900,0,6346,0,2026-10-10 20:39:44
1666961311952-01,2026-10-06T23:46:42.6488524+00:00,72344,Multiloja,multilojaonline,Faturado,APP,app_barra_de_busca,app_barra_de_busca,,64990,0,7354,0,2026-10-10 20:39:44
1666961311951-01,2026-10-06T23:46:39.2248337+00:00,38884,WebContinental Marketplace,webcontinentalmktplace,Faturado,APP,app_barra_de_busca,app_barra_de_busca,,21989,0,16895,0,2026-10-10 20:39:45
1666961311945-01,2026-10-06T23:43:56.5620348+00:00,9415,We Connect,funstock,Faturado,APP,ver_todos_app,2026_03_18_ver_todos_app,,3890,0,5525,0,2026-10-10 20:39:45
1666961311941-01,2026-10-06T23:41:56.3748557+00:00,7469,Livraria Martins Fontes Paulista,martinsfontespaulista,Faturado,APP,banner_app_dia_das_crianças,banner_app_dia_das_crianças,,4690,0,2779,0,2026-10-10 20:39:45
1666961311935-01,2026-10-06T23:36:11.5241833+00:00,23029,Philco,Philco,Faturado,APP,app_barra_de_busca,app_barra_de_busca,,20990,0,2039,0,2026-10-10 20:39:46
1666961311933-02,2026-10-06T23:35:44.7992162+00:00,21833,ROVITEX,rovitex,Faturado,APP,banner_app,banner_cat_moveis_app,,19734,0,2099,0,2026-10-10 20:39:46
1666961311933-01,2026-10-06T23:35:44.7990305+00:00,5487,MiniPreço,minipreco,Faturado,APP,banner_app,banner_cat_moveis_app,,3499,0,1988,0,2026-10-10 20:39:46
1666961311930-01,2026-10-06T23:33:46.1391768+00:00,6706,WebContinental Marketplace,webcontinentalmktplace,Faturado,APP,banner_app,banner_cat_eletrodomesticos_app,,5190,0,1516,0,2026-10-10 20:39:47
1666961311927-01,2026-10-06T23:32:30.7826461+00:00,19029,Philco,Philco,Faturado,APP,app_barra_de_busca,app_barra_de_busca,,16990,0,2039,0,2026-10-10 20:39:47
1666951311924-01,2026-10-06T23:28:07.3066589+00:00,186678,WebContinental Marketplace,webcontinentalmktplace,Faturado,APP,banner_app,banner_cat_moveis_app,,157489,0,29189,0,2026-10-10 20:39:48
1666951311923-01,2026-10-06T23:27:54.4989931+00:00,110500,Encantech Shop,loyalt,Faturado,APP,app_barra_de_busca,app_barra_de_busca,,109900,0,600,0,2026-10-10 20:39:50
1666951311919-01,2026-10-06T23:26:22.6321953+00:00,22513,Encantech Shop,loyalt,Pagamento Aprovado,PUSH,	PUSH,PUSHOVER0210,,19990,0,2523,0,2026-10-10 20:39:50
1666951311916-03,2026-10-06T23:25:48.4448051+00:00,15378,Encantech Shop,loyalt,Faturado,APP,banner_app,banner_gif_celulares_app,,13251,0,2127,0,2026-10-10 20:39:51
1666951311916-01,2026-10-06T23:25:48.4444830+00:00,62033,WebContinental Marketplace,webcontinentalmktplace,Faturado,APP,banner_app,banner_gif_celulares_app,,51430,0,10603,0,2026-10-10 20:39:51
1666951311916-02,2026-10-06T23:25:48.4446861+00:00,27890,Philco,Philco,Faturado,APP,banner_app,banner_gif_celulares_app,,25990,0,1900,0,2026-10-10 20:39:52
1666951311915-01,2026-10-06T23:25:19.5312321+00:00,2703,Indiana,farmaciaindiana,Faturado,APP,app_barra_de_busca,app_barra_de_busca,,1949,0,754,0,2026-10-10 20:39:52
1666951311910-01,2026-10-06T23:23:18.7203918+00:00,70936,Multiloja,multilojaonline,Faturado,PUSH,	PUSH,06102026PUSHOD,,51990,0,18946,0,2026-10-10 20:39:52
1666951311906-01,2026-10-06T23:21:22.6755301+00:00,54890,Electrolux,electrolux,Pagamento Pendente,APP,ver_todos_app,2026_03_18_ver_todos_app,,52900,0,1990,0,2026-10-10 20:39:53
1666951311901-01,2026-10-06T23:16:21.8890798+00:00,8180,Encantech Shop,loyalt,Faturado,APP,app_barra_de_busca,app_barra_de_busca,,6590,0,1590,0,2026-10-10 20:39:53
1666951311899-01,2026-10-06T23:15:30.7107485+00:00,138998,Madesa,madesa,Faturado,APP,app_barra_de_busca,app_barra_de_busca,,129999,0,8999,0,2026-10-10 20:39:53
1666951311899-01,2026-10-06T23:15:30.7107485+00:00,138998,Madesa,madesa,Faturado,APP,app_barra_de_busca,app_barra_de_busca,,129999,0,8999,0,2026-10-10 20:39:54
1666951311898-01,2026-10-06T23:14:41.5205797+00:00,14327,MiniPreço,minipreco,Pagamento Aprovado,APP,app_barra_de_busca,app_barra_de_busca,,12999,0,1328,0,2026-10-10 20:39:54
1666951311896-01,2026-10-06T23:14:24.4503213+00:00,124201,Webfones,webfones,Faturado,APP,banner_app,banner_gif_celulares_app,,117900,0,6301,0,2026-10-10 20:39:55
1666951311895-01,2026-10-06T23:13:37.1732366+00:00,50008,Encantech Shop,loyalt,Faturado,APP,ver_todos_app,2026_03_18_ver_todos_app,,49408,0,600,0,2026-10-10 20:39:55
1666951311893-01,2026-10-06T23:13:12.4299968+00:00,23426,WebContinental Marketplace,webcontinentalmktplace,Faturado,APP,ver_todos_app,2026_03_18_ver_todos_app,,21990,0,1436,0,2026-10-10 20:39:55
1666951311893-02,2026-10-06T23:13:12.4302547+00:00,12701,Indiana,farmaciaindiana,Faturado,APP,ver_todos_app,2026_03_18_ver_todos_app,,10389,0,2312,0,2026-10-10 20:39:56
1666951311890-01,2026-10-06T23:11:20.2588335+00:00,69138,WebContinental Marketplace,webcontinentalmktplace,Pagamento Pendente,APP,app_barra_de_busca,app_barra_de_busca,,65990,0,3148,0,2026-10-10 20:39:56
1666951311889-01,2026-10-06T23:10:24.6160073+00:00,19016,Encantech Shop,loyalt,Faturado,APP,ver_todos_app,2026_03_18_ver_todos_app,,15990,0,3026,0,2026-10-10 20:39:57
1666951311886-02,2026-10-06T23:08:53.6613617+00:00,80579,Multiloja,multilojaonline,Pagamento Aprovado,APP,app_barra_de_busca,app_barra_de_busca,,73990,0,6589,0,2026-10-10 20:39:57
1666951311886-01,2026-10-06T23:08:53.6611590+00:00,56999,WebContinental Marketplace,webcontinentalmktplace,Faturado,APP,app_barra_de_busca,app_barra_de_busca,,56999,0,0,0,2026-10-10 20:39:57
1666951311878-01,2026-10-06T23:06:20.3387665+00:00,191900,Encantech Shop,loyalt,Pagamento Aprovado,APP,banner_app,banner_cat_eletrodomesticos_app,,187900,0,4000,0,2026-10-10 20:39:58
1666951311876-02,2026-10-06T23:05:22.0596619+00:00,7535,WebContinental Marketplace,webcontinentalmktplace,Faturado,APP,ver_todos_app,2026_03_18_ver_todos_app,,5490,0,2045,0,2026-10-10 20:39:58
1666951311876-01,2026-10-06T23:05:22.0594289+00:00,12019,Encantech Shop,loyalt,Faturado,APP,ver_todos_app,2026_03_18_ver_todos_app,,10899,0,1120,0,2026-10-10 20:39:58
1666951311875-01,2026-10-06T23:04:40.8866117+00:00,31757,We Connect,funstock,Pagamento Aprovado,APP,banner_app_dia_das_crianças,banner_app_dia_das_crianças,,25490,0,6267,0,2026-10-10 20:39:59
1666951311874-01,2026-10-06T23:04:24.3704801+00:00,15785,Philco,Philco,Faturado,APP,banner_app,banner_cat_eletrodomesticos_app,,13990,0,1795,0,2026-10-10 20:39:59
1666951311872-02,2026-10-06T23:04:17.8859893+00:00,12804,Indiana,farmaciaindiana,Pagamento Aprovado,APP,banner_app',banner_cat_farmacia,,11990,0,814,0,2026-10-10 20:39:59
1666951311872-01,2026-10-06T23:04:17.8858048+00:00,5518,WebContinental Marketplace,webcontinentalmktplace,Faturado,APP,banner_app',banner_cat_farmacia,,4299,0,1219,0,2026-10-10 20:40:00
1666951311871-01,2026-10-06T23:01:23.6666840+00:00,35019,Philco,Philco,Faturado,INAPP,INAPP,INAPP100926,,32980,0,2039,0,2026-10-10 20:40:00
1666951311869-01,2026-10-06T22:56:43.7589387+00:00,7480,WebContinental Marketplace,webcontinentalmktplace,Faturado,APP,banner_app,banner_cat_perfumes_app,,2998,0,4482,0,2026-10-10 20:40:00
1666951311867-01,2026-10-06T22:52:43.4063145+00:00,19340,Encantech Shop,loyalt,Faturado,APP,app_barra_de_busca,app_barra_de_busca,,18895,0,445,0,2026-10-10 20:40:01
1666951311866-01,2026-10-06T22:50:30.3437579+00:00,9789,WebContinental Marketplace,webcontinentalmktplace,Faturado,APP,app_barra_de_busca,app_barra_de_busca,,8720,0,1069,0,2026-10-10 20:40:01
1666951311863-01,2026-10-06T22:41:59.0128017+00:00,11288,MiniPreço,minipreco,Pagamento Aprovado,APP,banner_app_dia_das_crianças,banner_app_dia_das_crianças,,9990,0,1298,0,2026-10-10 20:40:01
1666951311858-01,2026-10-06T22:35:54.9314024+00:00,11724,MiniPreço,minipreco,Faturado,APP,app_barra_de_busca,app_barra_de_busca,,46989,0,1734,0,2026-10-10 20:40:02
1666951311858-02,2026-10-06T22:35:54.9317358+00:00,14980,Electrolux,electrolux,Faturado,APP,app_barra_de_busca,app_barra_de_busca,,13990,0,990,0,2026-10-10 20:40:02
1666951311857-01,2026-10-06T22:31:07.4460619+00:00,80644,Encantech Shop,loyalt,Faturado,APP,banner_app,banner_gif_celulares_app,,80116,0,528,0,2026-10-10 20:40:03
1666941311852-01,2026-10-06T22:28:48.8805362+00:00,42909,Philco,Philco,Faturado,,,,,33990,0,8919,0,2026-10-10 20:40:03
1666941311851-01,2026-10-06T22:28:46.8586364+00:00,1739,MiniPreço,minipreco,Pagamento Aprovado,INAPP,INAPP,INAPPTVOVER0610,,585,0,1154,0,2026-10-10 20:40:03
1666941311845-01,2026-10-06T22:22:43.4029462+00:00,288212,Encantech Shop,loyalt,Faturado,APP,app_barra_de_busca,app_barra_de_busca,,284800,0,3412,0,2026-10-10 20:40:03
1666941311843-01,2026-10-06T22:21:42.4417253+00:00,21394,MiniPreço,minipreco,Pagamento Aprovado,APP,ver_todos_app,2026_03_18_ver_todos_app,,19995,0,1399,0,2026-10-10 20:40:04
1666941311840-01,2026-10-06T22:20:32.6871652+00:00,3447,Indiana,farmaciaindiana,Faturado,APP,app_barra_de_busca,app_barra_de_busca,,2793,0,654,0,2026-10-10 20:40:04
1666941311840-02,2026-10-06T22:20:32.6874059+00:00,17220,Pense Farma,pensefarma,Faturado,APP,app_barra_de_busca,app_barra_de_busca,,17220,0,0,0,2026-10-10 20:40:05
1666941311837-01,2026-10-06T22:16:57.0215172+00:00,91998,Madesa,madesa,Faturado,APP,banner_app,banner_cat_moveis_app,,83999,0,7999,0,2026-10-10 20:40:05
1666941311830-01,2026-10-06T22:15:04.2773201+00:00,16563,Encantech Shop,loyalt,Faturado,APP,app_barra_de_busca,app_barra_de_busca,,15499,0,1064,0,2026-10-10 20:40:06
1666941311812-01,2026-10-06T22:00:49.5340975+00:00,51450,WebContinental Marketplace,webcontinentalmktplace,Faturado,APP,app_barra_de_busca,app_barra_de_busca,,48990,0,2460,0,2026-10-10 20:40:06
1666941311808-03,2026-10-06T21:58:34.9021119+00:00,21456,MiniPreço,minipreco,Pagamento Aprovado,APP,app_barra_de_busca,app_barra_de_busca,,19995,0,1461,0,2026-10-10 20:40:06
1666941311808-02,2026-10-06T21:58:34.9020087+00:00,85497,Tetrix,tetrix,Faturado,APP,app_barra_de_busca,app_barra_de_busca,,79990,0,5507,0,2026-10-10 20:40:07
1666941311808-01,2026-10-06T21:58:34.9018147+00:00,47643,Philco,Philco,Faturado,APP,app_barra_de_busca,app_barra_de_busca,,45990,0,1653,0,2026-10-10 20:40:07
1666941311805-01,2026-10-06T21:57:12.6197522+00:00,9560,Indiana,farmaciaindiana,Faturado,APP,app_barra_de_busca,app_barra_de_busca,,8747,0,813,0,2026-10-10 20:40:07
1666941311805-02,2026-10-06T21:57:12.6200372+00:00,14784,Farma Conde,farmaconde,Faturado,APP,app_barra_de_busca,app_barra_de_busca,,10047,0,4737,0,2026-10-10 20:40:08
1666941311803-01,2026-10-06T21:56:40.6879902+00:00,19208,WebContinental Marketplace,webcontinentalmktplace,Faturado,APP,app_barra_de_busca,app_barra_de_busca,,15990,0,3218,0,2026-10-10 20:40:08
1666941311802-01,2026-10-06T21:55:05.4872256+00:00,19606,WebContinental Marketplace,webcontinentalmktplace,Faturado,APP,banner_app_dia_das_crianças,banner_app_dia_das_crianças,,16203,0,3403,0,2026-10-10 20:40:08
1666941311801-01,2026-10-06T21:54:20.4690492+00:00,14198,WebContinental Marketplace,webcontinentalmktplace,Faturado,APP,app_barra_de_busca,app_barra_de_busca,,11380,0,2818,0,2026-10-10 20:40:09
1666941311800-01,2026-10-06T21:53:34.1975704+00:00,163158,WebContinental Marketplace,webcontinentalmktplace,Faturado,APP,app_barra_de_busca,app_barra_de_busca,,154714,0,8444,0,2026-10-10 20:40:09
1666941311798-01,2026-10-06T21:53:24.7026331+00:00,13985,Casa do Inox,casadoinox2,Faturado,APP,app_barra_de_busca,app_barra_de_busca,,11990,0,1995,0,2026-10-10 20:40:09
1666941311798-02,2026-10-06T21:53:24.7028019+00:00,8956,Encantech Shop,loyalt,Faturado,APP,app_barra_de_busca,app_barra_de_busca,,7191,0,1765,0,2026-10-10 20:40:10
1666941311791-02,2026-10-06T21:47:26.6309035+00:00,6539,Indiana,farmaciaindiana,Faturado,APP,app_barra_de_busca,app_barra_de_busca,,5238,0,1301,0,2026-10-10 20:40:10
1666941311791-03,2026-10-06T21:47:26.6310122+00:00,2963,Pense Farma,pensefarma,Faturado,APP,app_barra_de_busca,app_barra_de_busca,,2010,0,953,0,2026-10-10 20:40:10
1666941311791-01,2026-10-06T21:47:26.6307581+00:00,25284,Multiloja,multilojaonline,Faturado,APP,app_barra_de_busca,app_barra_de_busca,,20990,0,4294,0,2026-10-10 20:40:10
1666941311790-01,2026-10-06T21:47:24.4048842+00:00,73424,Tetrix,tetrix,Faturado,APP,banner_app_dia_das_crianças,banner_app_dia_das_crianças,,69900,0,3524,0,2026-10-10 20:40:11
1666941311789-01,2026-10-06T21:46:08.2770477+00:00,228890,Electrolux,electrolux,Faturado,APP,app_barra_de_busca,app_barra_de_busca,,224900,0,3990,0,2026-10-10 20:40:12
1666941311787-01,2026-10-06T21:44:41.1913986+00:00,274970,Multiloja,multilojaonline,Faturado,APP,app_barra_de_busca,app_barra_de_busca,,266980,0,7990,0,2026-10-10 20:40:12
1666941311784-01,2026-10-06T21:42:10.3400361+00:00,43980,Electrolux,electrolux,Faturado,APP,app_barra_de_busca,app_barra_de_busca,,42990,0,990,0,2026-10-10 20:40:12
1666941311783-01,2026-10-06T21:40:44.5162879+00:00,51057,WebContinental Marketplace,webcontinentalmktplace,Faturado,PUSH,PUSHOVER,PUSHOVER0610,,48778,0,2279,0,2026-10-10 20:40:12
1666941311780-01,2026-10-06T21:33:40.4411667+00:00,27832,WebContinental Marketplace,webcontinentalmktplace,Faturado,APP,banner_app_dia_das_crianças,banner_app_dia_das_crianças,,25900,0,1932,0,2026-10-10 20:40:13
1666941311779-01,2026-10-06T21:32:59.9284039+00:00,60914,Philco,Philco,Faturado,APP,banner_app,banner_cat_seminovos_app,,57990,0,2924,0,2026-10-10 20:40:13
1666931311773-01,2026-10-06T21:22:02.3721165+00:00,17980,Electrolux,electrolux,Faturado,APP,ver_todos_app,2026_03_18_ver_todos_app,,16990,0,990,0,2026-10-10 20:40:14
1666931311771-01,2026-10-06T21:20:17.6293845+00:00,52066,MiniPreço,minipreco,Pagamento Aprovado,APP,app_barra_de_busca,app_barra_de_busca,,49990,0,2076,0,2026-10-10 20:40:14
1666931311767-01,2026-10-06T21:11:05.3497842+00:00,24157,WebContinental Marketplace,webcontinentalmktplace,Faturado,APP,app_barra_de_busca,app_barra_de_busca,,21725,0,2432,0,2026-10-10 20:40:14
1666931311753-01,2026-10-06T21:02:26.3748732+00:00,33099,WebContinental Marketplace,webcontinentalmktplace,Pagamento Aprovado,APP,app_barra_de_busca,app_barra_de_busca,,29990,0,3109,0,2026-10-10 20:40:15
1666931311751-01,2026-10-06T20:59:21.4962599+00:00,4045,Indiana,farmaciaindiana,Faturado,APP,ver_todos_app,2026_03_18_ver_todos_app,,3249,0,796,0,2026-10-10 20:40:16
1666931311746-01,2026-10-06T20:53:38.3264438+00:00,993009,Shophub,shophub,Pagamento Pendente,APP,banner_app,banner_gif_celulares_app,,990000,0,3009,0,2026-10-10 20:40:16
1666931311740-01,2026-10-06T20:39:38.0710821+00:00,26980,Electrolux,electrolux,Faturado,,,,,25990,0,990,0,2026-10-10 20:40:17
1666931311738-01,2026-10-06T20:38:46.1609870+00:00,17250,Philco,Philco,Faturado,APP,banner_app,banner_cat_eletrodomesticos_app,,14990,0,2260,0,2026-10-10 20:40:17
1666931311738-02,2026-10-06T20:38:46.1611771+00:00,29584,Encantech Shop,loyalt,Faturado,APP,banner_app,banner_cat_eletrodomesticos_app,,27338,0,2246,0,2026-10-10 20:40:17
1666931311735-01,2026-10-06T20:37:57.8222473+00:00,69147,Loja Marin Brasil,lojamarinbrasil,Faturado,APP,app_barra_de_busca,app_barra_de_busca,,65890,0,3257,0,2026-10-10 20:40:18
1666931311733-01,2026-10-06T20:36:17.4613459+00:00,13159,Indiana,farmaciaindiana,Faturado,APP,app_barra_de_busca,app_barra_de_busca,,11990,0,1169,0,2026-10-10 20:40:18
1666931311732-01,2026-10-06T20:35:13.9131286+00:00,7270,Indiana,farmaciaindiana,Faturado,APP,banner_app_dia_das_crianças,banner_app_dia_das_crianças,,6390,0,880,0,2026-10-10 20:40:18
1666931311731-01,2026-10-06T20:35:06.5317768+00:00,114159,WebContinental Marketplace,webcontinentalmktplace,Faturado,APP,app_barra_de_busca,app_barra_de_busca,,85198,0,28961,0,2026-10-10 20:40:19
1666931311730-01,2026-10-06T20:34:02.4716616+00:00,4485,WebContinental Marketplace,webcontinentalmktplace,Faturado,APP,app_barra_de_busca,app_barra_de_busca,,2800,0,1685,0,2026-10-10 20:40:19
1666921311728-01,2026-10-06T20:29:49.9735084+00:00,17563,WebContinental Marketplace,webcontinentalmktplace,Faturado,APP,app_barra_de_busca,app_barra_de_busca,,15990,0,1573,0,2026-10-10 20:40:19
1666921311727-01,2026-10-06T20:29:44.0740642+00:00,10442,Encantech Shop,loyalt,Faturado,APP,banner_app,banner_cat_eletronicos_app,,9900,0,542,0,2026-10-10 20:40:19
1666921311725-01,2026-10-06T20:29:26.4253898+00:00,5541,Encantech Shop,loyalt,Faturado,,,,,4844,0,697,0,2026-10-10 20:40:20
1666921311725-02,2026-10-06T20:29:26.4256605+00:00,14038,WebContinental Marketplace,webcontinentalmktplace,Faturado,,,,,11500,0,2538,0,2026-10-10 20:40:20
1666921311722-01,2026-10-06T20:28:09.7491732+00:00,17913,Philco,Philco,Faturado,APP,ver_todos_app,2026_03_18_ver_todos_app,,15990,0,1923,0,2026-10-10 20:40:20
1666921311721-01,2026-10-06T20:27:50.8460821+00:00,11427,Encantech Shop,loyalt,Faturado,APP,app_barra_de_busca,app_barra_de_busca,,10899,0,528,0,2026-10-10 20:40:21
1666921311716-01,2026-10-06T20:24:44.9092353+00:00,17913,Philco,Philco,Faturado,APP,ver_todos_app,2026_03_18_ver_todos_app,,15990,0,1923,0,2026-10-10 20:40:21
1666921311715-01,2026-10-06T20:22:10.5263195+00:00,13206,WebContinental Marketplace,webcontinentalmktplace,Faturado,APP,app_barra_de_busca,app_barra_de_busca,,10900,0,2306,0,2026-10-10 20:40:21
1666921311708-01,2026-10-06T20:13:57.0072356+00:00,119182,Multiloja,multilojaonline,Pagamento Pendente,APP,banner_app,banner_cat_eletrodomesticos_app,,99990,0,19192,0,2026-10-10 20:40:21
1666921311697-01,2026-10-06T20:02:43.2134025+00:00,33967,Encantech Shop,loyalt,Faturado,APP,app_barra_de_busca,app_barra_de_busca,,32900,0,1067,0,2026-10-10 20:40:22
1666921311696-01,2026-10-06T20:00:18.3736319+00:00,12232,WebContinental Marketplace,webcontinentalmktplace,Faturado,APP,banner_app,banner_cat_eletrodomesticos_app,,10400,0,1832,0,2026-10-10 20:40:22
1666921311694-01,2026-10-06T19:56:49.1453468+00:00,12782,Encantech Shop,loyalt,Faturado,APP,app_barra_de_busca,app_barra_de_busca,,11768,0,1014,0,2026-10-10 20:40:22
1666921311692-02,2026-10-06T19:55:53.6600849+00:00,17528,Encantech Shop,loyalt,Faturado,APP,banner_app_dia_das_crianças,banner_app_dia_das_crianças,,17000,0,528,0,2026-10-10 20:40:22
1666921311692-01,2026-10-06T19:55:53.6597977+00:00,124271,WebContinental Marketplace,webcontinentalmktplace,Faturado,APP,banner_app_dia_das_crianças,banner_app_dia_das_crianças,,85989,0,38282,0,2026-10-10 20:40:23
1666921311691-01,2026-10-06T19:55:12.1128603+00:00,18473,WebContinental Marketplace,webcontinentalmktplace,Faturado,APP,banner_app_dia_das_crianças,banner_app_dia_das_crianças,,15925,0,2548,0,2026-10-10 20:40:23
1666921311689-01,2026-10-06T19:53:43.6647628+00:00,8574,Encantech Shop,loyalt,Faturado,APP,app_barra_de_busca,app_barra_de_busca,,8149,0,425,0,2026-10-10 20:40:23
1666921311684-01,2026-10-06T19:44:54.6371121+00:00,57989,Madesa,madesa,Faturado,,,,,49999,0,7990,0,2026-10-10 20:40:24
1666921311683-01,2026-10-06T19:44:09.6138444+00:00,118238,WebContinental Marketplace,webcontinentalmktplace,Faturado,APP,app_barra_de_busca,app_barra_de_busca,,104400,0,13838,0,2026-10-10 20:40:24
1666921311679-01,2026-10-06T19:38:52.8821221+00:00,14741,WebContinental Marketplace,webcontinentalmktplace,Faturado,APP,app_barra_de_busca,app_barra_de_busca,,9899,0,4842,0,2026-10-10 20:40:24
1666921311676-01,2026-10-06T19:36:42.6969982+00:00,156521,Multiloja,multilojaonline,Faturado,APP,banner_app,banner_gif_celulares_app,,151990,0,4531,0,2026-10-10 20:40:25
1666921311674-01,2026-10-06T19:35:42.1955467+00:00,101907,Encantech Shop,loyalt,Faturado,APP,app_barra_de_busca,app_barra_de_busca,,95697,0,6210,0,2026-10-10 20:40:25
1666921311671-01,2026-10-06T19:31:53.0698351+00:00,56751,Philco,Philco,Faturado,APP,app_barra_de_busca,app_barra_de_busca,,46990,0,9761,0,2026-10-10 20:40:25
1666921311671-02,2026-10-06T19:31:53.0700514+00:00,59188,WebContinental Marketplace,webcontinentalmktplace,Faturado,APP,app_barra_de_busca,app_barra_de_busca,,34960,0,24228,0,2026-10-10 20:40:25
1666921311667-01,2026-10-06T19:31:00.3736583+00:00,75027,Encantech Shop,loyalt,Faturado,APP,banner_app_dia_das_crianças,banner_app_dia_das_crianças,,66054,0,8973,0,2026-10-10 20:40:26
1666921311667-02,2026-10-06T19:31:00.3739022+00:00,222402,Philco,Philco,Faturado,APP,banner_app_dia_das_crianças,banner_app_dia_das_crianças,,217980,0,4422,0,2026-10-10 20:40:26
1666921311666-01,2026-10-06T19:30:48.8103491+00:00,118536,Encantech Shop,loyalt,Faturado,APP,banner_app,banner_gif_celulares_app,,116556,0,1980,0,2026-10-10 20:40:26
1666921311665-01,2026-10-06T19:30:43.4699844+00:00,16303,WebContinental Marketplace,webcontinentalmktplace,Faturado,APP,banner_app,banner_gif_tvs_app,,13990,0,2313,0,2026-10-10 20:40:27
1666921311660-01,2026-10-06T19:30:12.4464504+00:00,61890,Electrolux,electrolux,Faturado,APP,ver_todos_app,2026_03_18_ver_todos_app,,59900,0,1990,0,2026-10-10 20:40:27
1666921311660-01,2026-10-06T19:30:12.4464504+00:00,61890,Electrolux,electrolux,Faturado,APP,ver_todos_app,2026_03_18_ver_todos_app,,59900,0,1990,0,2026-10-10 20:40:28
1666911311658-01,2026-10-06T19:27:32.8099477+00:00,10724,Encantech Shop,loyalt,Faturado,APP,app_barra_de_busca,app_barra_de_busca,,9808,0,916,0,2026-10-10 20:40:28
1666911311657-01,2026-10-06T19:27:19.8263266+00:00,11408,Encantech Shop,loyalt,Faturado,APP,ver_todos_app,2026_03_18_ver_todos_app,,10899,0,509,0,2026-10-10 20:40:28
1666911311655-01,2026-10-06T19:23:27.3082220+00:00,13254,WebContinental Marketplace,webcontinentalmktplace,Faturado,APP,ver_todos_app,2026_03_18_ver_todos_app,,10990,0,2264,0,2026-10-10 20:40:29
1666911311651-01,2026-10-06T19:21:57.5287555+00:00,19972,WebContinental Marketplace,webcontinentalmktplace,Faturado,APP,banner_app,banner_cat_eletrodomesticos_app,,19390,0,582,0,2026-10-10 20:40:29
1666911311647-01,2026-10-06T19:20:33.8162984+00:00,64890,Electrolux,electrolux,Faturado,APP,app_barra_de_busca,app_barra_de_busca,,62900,0,1990,0,2026-10-10 20:40:29
1666911311646-01,2026-10-06T19:20:17.0844906+00:00,11619,Encantech Shop,loyalt,Faturado,APP,ver_todos_app,2026_03_18_ver_todos_app,,10899,0,720,0,2026-10-10 20:40:31
1666911311643-01,2026-10-06T19:17:42.4276047+00:00,9176,Encantech Shop,loyalt,Faturado,APP,app_barra_de_busca,app_barra_de_busca,,7686,0,1490,0,2026-10-10 20:40:32
1666911311635-01,2026-10-06T19:14:24.4566464+00:00,11101,Encantech Shop,loyalt,Faturado,PUSH,	PUSH,06102026EXTRA,,10711,0,390,0,2026-10-10 20:40:33
1666911311634-01,2026-10-06T19:13:57.1291797+00:00,22149,MiniPreço,minipreco,Pagamento Aprovado,APP,app_barra_de_busca,app_barra_de_busca,,19995,0,2154,0,2026-10-10 20:40:33
1666911311632-01,2026-10-06T19:10:53.1471608+00:00,103900,Armazém Circular,armazemcircular,Faturado,APP,banner_app,banner_cat_seminovos_app,,101900,0,2000,0,2026-10-10 20:40:33
1666911311625-01,2026-10-06T19:02:56.8493520+00:00,46999,Madesa,madesa,Faturado,APP,banner_app,banner_cat_moveis_app,,46999,0,0,0,2026-10-10 20:40:33
1666911311622-01,2026-10-06T18:59:51.6840524+00:00,11125,Encantech Shop,loyalt,Faturado,APP,app_barra_de_busca,app_barra_de_busca,,10149,0,976,0,2026-10-10 20:40:34
1666911311621-01,2026-10-06T18:57:41.3547637+00:00,16403,We Connect,funstock,Faturado,APP,banner_app_dia_das_crianças,banner_app_dia_das_crianças,,13990,0,2413,0,2026-10-10 20:40:34
1666911311617-01,2026-10-06T18:55:22.3022991+00:00,16238,Indiana,farmaciaindiana,Faturado,APP,banner_app_dia_das_crianças,banner_app_dia_das_crianças,,15088,0,1150,0,2026-10-10 20:40:34
1666911311614-01,2026-10-06T18:51:36.6654352+00:00,11499,Encantech Shop,loyalt,Faturado,APP,banner_app,banner_cat_seminovos_app,,10899,0,600,0,2026-10-10 20:40:35
1666911311612-01,2026-10-06T18:48:11.4464555+00:00,7046,WebContinental Marketplace,webcontinentalmktplace,Faturado,APP,app_barra_de_busca,app_barra_de_busca,,4980,0,2066,0,2026-10-10 20:40:35
1666911311610-01,2026-10-06T18:47:54.9047029+00:00,75087,WebContinental Marketplace,webcontinentalmktplace,Faturado,APP,app_barra_de_busca,app_barra_de_busca,,72900,0,2187,0,2026-10-10 20:40:35
1666911311610-02,2026-10-06T18:47:54.9048951+00:00,173356,Webfones,webfones,Pagamento Aprovado,APP,app_barra_de_busca,app_barra_de_busca,,169900,0,3456,0,2026-10-10 20:40:36
1666911311608-01,2026-10-06T18:47:20.7064186+00:00,10043,MMPlace,compreja,Faturado,APP,banner_app,banner_cat_eletrodomesticos_app,,10043,0,0,0,2026-10-10 20:40:36
1666911311608-02,2026-10-06T18:47:20.7066422+00:00,16410,MiniPreço,minipreco,Faturado,APP,banner_app,banner_cat_eletrodomesticos_app,,14999,0,1411,0,2026-10-10 20:40:36
1666911311602-02,2026-10-06T18:40:46.4085495+00:00,7286,Encantech Shop,loyalt,Faturado,APP,app_barra_de_busca,app_barra_de_busca,,6931,0,355,0,2026-10-10 20:40:37
1666911311602-01,2026-10-06T18:40:46.4083658+00:00,7682,WebContinental Marketplace,webcontinentalmktplace,Faturado,APP,app_barra_de_busca,app_barra_de_busca,,5558,0,2124,0,2026-10-10 20:40:37
1666911311599-01,2026-10-06T18:37:03.4025387+00:00,15928,Encantech Shop,loyalt,Faturado,APP,banner_app,banner_cat_eletrodomesticos_app,,15328,0,600,0,2026-10-10 20:40:37
1666911311598-01,2026-10-06T18:36:38.1863955+00:00,29728,Indiana,farmaciaindiana,Faturado,APP,ver_todos_app,2026_03_18_ver_todos_app,,28286,0,1442,0,2026-10-10 20:40:38
1666911311592-01,2026-10-06T18:31:24.1268850+00:00,17674,MMPlace,compreja,Faturado,APP,app_barra_de_busca,app_barra_de_busca,,13990,0,3684,0,2026-10-10 20:40:38
1666911311591-01,2026-10-06T18:30:48.1066742+00:00,13035,Encantech Shop,loyalt,Faturado,APP,app_barra_de_busca,app_barra_de_busca,,11590,0,1445,0,2026-10-10 20:40:38
1666911311590-01,2026-10-06T18:30:42.7715217+00:00,14484,WebContinental Marketplace,webcontinentalmktplace,Faturado,PUSH,	PUSH,06102026EXTRA,,11116,0,3368,0,2026-10-10 20:40:38
1666901311585-01,2026-10-06T18:27:45.7969998+00:00,142549,Encantech Shop,loyalt,Pagamento Aprovado,APP,banner_app,banner_gif_tvs_app,,139900,0,2649,0,2026-10-10 20:40:39
1666901311583-01,2026-10-06T18:21:58.0631003+00:00,48087,WebContinental Marketplace,webcontinentalmktplace,Faturado,APP,ver_todos_app,2026_03_18_ver_todos_app,,36799,0,11288,0,2026-10-10 20:40:39
1666901311582-01,2026-10-06T18:21:30.3881918+00:00,61292,Multiloja,multilojaonline,Faturado,APP,banner_app,banner_cat_eletrodomesticos_app,,53990,0,7302,0,2026-10-10 20:40:39
1666901311575-01,2026-10-06T18:16:03.4608762+00:00,12115,Encantech Shop,loyalt,Faturado,APP,banner_app_dia_das_crianças,banner_app_dia_das_crianças,,9900,0,2215,0,2026-10-10 20:40:40
1666901311574-01,2026-10-06T18:14:28.0021075+00:00,80716,Encantech Shop,loyalt,Pagamento Pendente,APP,banner_app,banner_gif_celulares_app,,80116,0,600,0,2026-10-10 20:40:40
1666901311573-01,2026-10-06T18:14:22.2412046+00:00,16540,MiniPreço,minipreco,Faturado,APP,banner_app_dia_das_crianças,banner_app_dia_das_crianças,,14999,0,1541,0,2026-10-10 20:40:40
1666901311569-01,2026-10-06T18:12:49.3293082+00:00,12492,Encantech Shop,loyalt,Faturado,APP,banner_app,banner_cat_perfumes_app,,11768,0,724,0,2026-10-10 20:40:41
1666901311567-01,2026-10-06T18:12:08.1836166+00:00,7437,Encantech Shop,loyalt,Faturado,PUSH,	PUSH,06102026EXTRA,,6931,0,506,0,2026-10-10 20:40:41
1666901311560-02,2026-10-06T18:07:17.2814886+00:00,21239,We Connect,funstock,Faturado,APP,app_barra_de_busca,app_barra_de_busca,,18990,0,2249,0,2026-10-10 20:40:41
1666901311560-01,2026-10-06T18:07:17.2812711+00:00,52980,Electrolux,electrolux,Faturado,APP,app_barra_de_busca,app_barra_de_busca,,51990,0,990,0,2026-10-10 20:40:42
1666901311555-01,2026-10-06T18:02:17.3252859+00:00,15061,WebContinental Marketplace,webcontinentalmktplace,Faturado,APP,banner_app,banner_gif_celulares_app,,13559,0,1502,0,2026-10-10 20:40:42
1666901311554-01,2026-10-06T18:00:14.4037466+00:00,692589,Shophub,shophub,Pagamento Pendente,APP,banner_app,banner_gif_celulares_app,,690000,0,2589,0,2026-10-10 20:40:42
1666901311552-01,2026-10-06T17:58:53.3693811+00:00,15061,WebContinental Marketplace,webcontinentalmktplace,Faturado,APP,app_barra_de_busca,app_barra_de_busca,,13559,0,1502,0,2026-10-10 20:40:42
1666901311549-01,2026-10-06T17:53:32.3724580+00:00,25239,Philco,Philco,Faturado,APP,ver_todos_app,2026_03_18_ver_todos_app,,22990,0,2249,0,2026-10-10 20:40:43
1666901311548-01,2026-10-06T17:52:35.5272640+00:00,48136,Encantech Shop,loyalt,Faturado,APP,app_barra_de_busca,app_barra_de_busca,,47608,0,528,0,2026-10-10 20:40:43
1666901311547-01,2026-10-06T17:51:44.1525001+00:00,7891,Encantech Shop,loyalt,Faturado,PUSH,	PUSH,06102026EXTRA,,6641,0,1250,0,2026-10-10 20:40:43
1666901311545-01,2026-10-06T17:50:39.4272423+00:00,8749,Encantech Shop,loyalt,Faturado,PUSH,	PUSH,06102026EXTRA,,8149,0,600,0,2026-10-10 20:40:44
1666901311542-02,2026-10-06T17:48:25.0069925+00:00,406066,Encantech Shop,loyalt,Faturado,APP,app_barra_de_busca,app_barra_de_busca,,402460,0,3606,0,2026-10-10 20:40:44
1666901311542-01,2026-10-06T17:48:25.0067305+00:00,19606,WebContinental Marketplace,webcontinentalmktplace,Faturado,APP,app_barra_de_busca,app_barra_de_busca,,16203,0,3403,0,2026-10-10 20:40:45
